carrier_id,carrier_name,country,service_type,month,sla_adherence_pct,promised_lead_time_days,actual_lead_time_days,install_delay_rate_pct,jobs_completed,sla_penalty_events,quality_tier
C001,SwiftLink Telecom,Germany,Fiber Broadband,2024-01,89.5,6,11,1.8,13,1,high
C001,SwiftLink Telecom,Germany,SD-WAN,2024-01,89.0,11,15,6.4,79,2,high
C001,SwiftLink Telecom,Germany,Leased Line,2024-01,92.6,10,22,3.5,64,0,high
C001,SwiftLink Telecom,Germany,Fiber Broadband,2024-02,91.7,8,9,9.6,21,1,high
C001,SwiftLink Telecom,Germany,SD-WAN,2024-02,92.2,19,17,6.4,78,0,high
C001,SwiftLink Telecom,Germany,Leased Line,2024-02,89.4,16,16,6.0,34,2,high
C001,SwiftLink Telecom,Germany,Fiber Broadband,2024-03,95.8,12,6,8.0,22,0,high
C001,SwiftLink Telecom,Germany,SD-WAN,2024-03,92.2,11,20,2.5,44,1,high
C001,SwiftLink Telecom,Germany,Leased Line,2024-03,95.7,12,10,6.7,30,2,high
C001,SwiftLink Telecom,Germany,Fiber Broadband,2024-04,93.1,6,16,3.0,39,1,high
C001,SwiftLink Telecom,Germany,SD-WAN,2024-04,97.0,15,17,3.4,37,0,high
C001,SwiftLink Telecom,Germany,Leased Line,2024-04,95.2,12,19,2.3,78,0,high
C001,SwiftLink Telecom,Germany,Fiber Broadband,2024-05,90.9,9,21,4.6,75,0,high
C001,SwiftLink Telecom,Germany,SD-WAN,2024-05,93.4,18,5,2.4,18,0,high
C001,SwiftLink Telecom,Germany,Leased Line,2024-05,92.2,5,22,3.3,24,2,high
C001,SwiftLink Telecom,Germany,Fiber Broadband,2024-06,95.5,10,14,2.0,68,1,high
C001,SwiftLink Telecom,Germany,SD-WAN,2024-06,88.0,8,16,7.9,48,2,high
C001,SwiftLink Telecom,Germany,Leased Line,2024-06,97.3,5,11,4.4,51,0,high
C001,SwiftLink Telecom,Germany,Fiber Broadband,2024-07,93.4,12,9,8.9,17,1,high
C001,SwiftLink Telecom,Germany,SD-WAN,2024-07,90.6,9,6,7.6,26,0,high
C001,SwiftLink Telecom,Germany,Leased Line,2024-07,95.3,18,11,5.7,37,2,high
C001,SwiftLink Telecom,Germany,Fiber Broadband,2024-08,98.2,16,12,4.6,66,2,high
C001,SwiftLink Telecom,Germany,SD-WAN,2024-08,97.9,15,18,3.2,12,0,high
C001,SwiftLink Telecom,Germany,Leased Line,2024-08,94.5,6,15,3.0,39,0,high
C001,SwiftLink Telecom,Germany,Fiber Broadband,2024-09,88.7,13,7,1.6,72,0,high
C001,SwiftLink Telecom,Germany,SD-WAN,2024-09,90.4,20,12,6.2,62,0,high
C001,SwiftLink Telecom,Germany,Leased Line,2024-09,90.1,19,10,4.2,16,1,high
C001,SwiftLink Telecom,Germany,Fiber Broadband,2024-10,95.4,8,7,4.6,41,1,high
C001,SwiftLink Telecom,Germany,SD-WAN,2024-10,90.1,19,19,4.8,41,1,high
C001,SwiftLink Telecom,Germany,Leased Line,2024-10,97.6,8,9,8.3,16,2,high
C001,SwiftLink Telecom,Germany,Fiber Broadband,2024-11,95.2,10,4,9.3,62,0,high
C001,SwiftLink Telecom,Germany,SD-WAN,2024-11,93.3,17,13,9.1,10,0,high
C001,SwiftLink Telecom,Germany,Leased Line,2024-11,98.8,20,15,3.6,29,2,high
C001,SwiftLink Telecom,Germany,Fiber Broadband,2024-12,90.1,6,10,6.2,50,2,high
C001,SwiftLink Telecom,Germany,SD-WAN,2024-12,88.6,10,23,9.3,17,2,high
C001,SwiftLink Telecom,Germany,Leased Line,2024-12,98.6,12,7,1.6,61,0,high
C002,NovaCom Networks,India,4G/5G Backhaul,2024-01,62.8,15,22,31.1,40,15,low
C002,NovaCom Networks,India,Fiber Broadband,2024-01,55.8,15,22,44.4,19,11,low
C002,NovaCom Networks,India,SD-WAN,2024-01,50.2,13,12,41.1,26,12,low
C002,NovaCom Networks,India,IoT Connectivity,2024-01,70.5,19,13,36.1,79,6,low
C002,NovaCom Networks,India,Dedicated Internet Access,2024-01,65.5,8,18,49.5,27,8,low
C002,NovaCom Networks,India,4G/5G Backhaul,2024-02,55.8,14,22,41.6,36,8,low
C002,NovaCom Networks,India,Fiber Broadband,2024-02,65.8,20,24,44.0,42,8,low
C002,NovaCom Networks,India,SD-WAN,2024-02,69.9,6,10,44.0,10,8,low
C002,NovaCom Networks,India,IoT Connectivity,2024-02,57.3,19,22,54.4,80,6,low
C002,NovaCom Networks,India,Dedicated Internet Access,2024-02,65.5,9,9,27.3,79,15,low
C002,NovaCom Networks,India,4G/5G Backhaul,2024-03,50.8,9,28,41.6,15,10,low
C002,NovaCom Networks,India,Fiber Broadband,2024-03,56.8,8,14,31.3,55,7,low
C002,NovaCom Networks,India,SD-WAN,2024-03,67.2,10,30,47.5,32,7,low
C002,NovaCom Networks,India,IoT Connectivity,2024-03,69.4,18,10,47.1,41,9,low
C002,NovaCom Networks,India,Dedicated Internet Access,2024-03,55.9,12,17,51.2,35,11,low
C002,NovaCom Networks,India,4G/5G Backhaul,2024-04,68.0,12,27,34.2,13,7,low
C002,NovaCom Networks,India,Fiber Broadband,2024-04,64.5,13,25,33.4,54,5,low
C002,NovaCom Networks,India,SD-WAN,2024-04,64.1,15,30,54.4,13,12,low
C002,NovaCom Networks,India,IoT Connectivity,2024-04,52.5,6,18,42.4,23,8,low
C002,NovaCom Networks,India,Dedicated Internet Access,2024-04,63.1,8,30,48.6,59,10,low
C002,NovaCom Networks,India,4G/5G Backhaul,2024-05,69.8,5,18,26.3,76,10,low
C002,NovaCom Networks,India,Fiber Broadband,2024-05,70.4,15,19,37.9,50,14,low
C002,NovaCom Networks,India,SD-WAN,2024-05,64.6,14,22,52.0,62,12,low
C002,NovaCom Networks,India,IoT Connectivity,2024-05,57.2,17,25,28.8,32,10,low
C002,NovaCom Networks,India,Dedicated Internet Access,2024-05,63.5,14,23,41.4,46,4,low
C002,NovaCom Networks,India,4G/5G Backhaul,2024-06,54.6,11,25,38.3,75,14,low
C002,NovaCom Networks,India,Fiber Broadband,2024-06,60.4,15,23,27.5,21,12,low
C002,NovaCom Networks,India,SD-WAN,2024-06,68.0,9,25,34.3,13,7,low
C002,NovaCom Networks,India,IoT Connectivity,2024-06,51.0,19,32,50.5,63,5,low
C002,NovaCom Networks,India,Dedicated Internet Access,2024-06,69.5,17,25,45.9,41,11,low
C002,NovaCom Networks,India,4G/5G Backhaul,2024-07,53.2,18,20,50.8,38,5,low
C002,NovaCom Networks,India,Fiber Broadband,2024-07,53.9,19,22,41.7,27,5,low
C002,NovaCom Networks,India,SD-WAN,2024-07,67.6,18,30,51.7,80,13,low
C002,NovaCom Networks,India,IoT Connectivity,2024-07,59.8,13,24,50.8,41,11,low
C002,NovaCom Networks,India,Dedicated Internet Access,2024-07,68.5,12,28,48.3,45,11,low
C002,NovaCom Networks,India,4G/5G Backhaul,2024-08,59.7,7,20,33.2,27,9,low
C002,NovaCom Networks,India,Fiber Broadband,2024-08,53.3,7,31,29.6,63,7,low
C002,NovaCom Networks,India,SD-WAN,2024-08,59.0,17,28,26.9,12,10,low
C002,NovaCom Networks,India,IoT Connectivity,2024-08,68.8,14,27,25.2,59,9,low
C002,NovaCom Networks,India,Dedicated Internet Access,2024-08,68.8,12,29,47.4,72,12,low
C002,NovaCom Networks,India,4G/5G Backhaul,2024-09,54.8,17,28,25.9,31,9,low
C002,NovaCom Networks,India,Fiber Broadband,2024-09,68.5,5,21,41.0,20,10,low
C002,NovaCom Networks,India,SD-WAN,2024-09,64.1,17,19,30.5,51,8,low
C002,NovaCom Networks,India,IoT Connectivity,2024-09,54.7,13,23,47.8,63,10,low
C002,NovaCom Networks,India,Dedicated Internet Access,2024-09,55.5,6,17,25.6,54,12,low
C002,NovaCom Networks,India,4G/5G Backhaul,2024-10,54.9,5,22,53.7,41,4,low
C002,NovaCom Networks,India,Fiber Broadband,2024-10,54.4,20,17,29.6,24,6,low
C002,NovaCom Networks,India,SD-WAN,2024-10,62.4,10,21,46.0,24,9,low
C002,NovaCom Networks,India,IoT Connectivity,2024-10,67.1,14,17,28.2,58,4,low
C002,NovaCom Networks,India,Dedicated Internet Access,2024-10,58.7,12,15,42.8,23,14,low
C002,NovaCom Networks,India,4G/5G Backhaul,2024-11,65.3,6,27,43.0,54,5,low
C002,NovaCom Networks,India,Fiber Broadband,2024-11,61.7,5,20,40.2,63,9,low
C002,NovaCom Networks,India,SD-WAN,2024-11,68.1,19,17,53.8,29,14,low
C002,NovaCom Networks,India,IoT Connectivity,2024-11,59.6,20,25,49.2,69,12,low
C002,NovaCom Networks,India,Dedicated Internet Access,2024-11,59.6,13,21,50.6,67,5,low
C002,NovaCom Networks,India,4G/5G Backhaul,2024-12,55.4,15,31,43.3,13,10,low
C002,NovaCom Networks,India,Fiber Broadband,2024-12,60.9,13,20,39.6,53,9,low
C002,NovaCom Networks,India,SD-WAN,2024-12,56.2,7,24,25.3,40,7,low
C002,NovaCom Networks,India,IoT Connectivity,2024-12,65.8,20,31,47.7,72,15,low
C002,NovaCom Networks,India,Dedicated Internet Access,2024-12,59.9,12,9,33.8,49,10,low
C003,PeakConnect Ltd,Germany,Dark Fiber,2024-01,87.9,14,20,20.5,42,3,medium
C003,PeakConnect Ltd,Germany,IoT Connectivity,2024-01,75.7,10,16,11.8,34,5,medium
C003,PeakConnect Ltd,Germany,SD-WAN,2024-01,75.5,14,24,20.9,22,5,medium
C003,PeakConnect Ltd,Germany,VoIP,2024-01,85.3,5,17,15.4,78,3,medium
C003,PeakConnect Ltd,Germany,MPLS,2024-01,74.0,9,6,18.3,72,6,medium
C003,PeakConnect Ltd,Germany,Dark Fiber,2024-02,73.6,15,9,17.0,33,4,medium
C003,PeakConnect Ltd,Germany,IoT Connectivity,2024-02,87.4,17,20,11.7,72,1,medium
C003,PeakConnect Ltd,Germany,SD-WAN,2024-02,73.2,14,8,12.2,20,5,medium
C003,PeakConnect Ltd,Germany,VoIP,2024-02,87.9,12,14,19.1,76,5,medium
C003,PeakConnect Ltd,Germany,MPLS,2024-02,78.1,14,23,22.9,17,4,medium
C003,PeakConnect Ltd,Germany,Dark Fiber,2024-03,81.8,7,11,19.4,30,3,medium
C003,PeakConnect Ltd,Germany,IoT Connectivity,2024-03,75.8,20,9,10.0,47,4,medium
C003,PeakConnect Ltd,Germany,SD-WAN,2024-03,72.5,7,18,20.5,39,4,medium
C003,PeakConnect Ltd,Germany,VoIP,2024-03,86.8,9,17,11.7,44,2,medium
C003,PeakConnect Ltd,Germany,MPLS,2024-03,85.2,14,7,12.5,66,3,medium
C003,PeakConnect Ltd,Germany,Dark Fiber,2024-04,74.0,20,20,24.1,66,5,medium
C003,PeakConnect Ltd,Germany,IoT Connectivity,2024-04,73.3,13,12,21.0,13,5,medium
C003,PeakConnect Ltd,Germany,SD-WAN,2024-04,73.5,20,9,18.6,76,2,medium
C003,PeakConnect Ltd,Germany,VoIP,2024-04,82.4,20,15,25.0,21,4,medium
C003,PeakConnect Ltd,Germany,MPLS,2024-04,79.5,10,23,14.8,52,1,medium
C003,PeakConnect Ltd,Germany,Dark Fiber,2024-05,78.6,6,24,19.9,68,4,medium
C003,PeakConnect Ltd,Germany,IoT Connectivity,2024-05,73.4,5,18,11.7,79,4,medium
C003,PeakConnect Ltd,Germany,SD-WAN,2024-05,79.4,20,9,17.8,66,5,medium
C003,PeakConnect Ltd,Germany,VoIP,2024-05,84.2,19,15,18.2,72,3,medium
C003,PeakConnect Ltd,Germany,MPLS,2024-05,73.9,18,14,14.7,21,1,medium
C003,PeakConnect Ltd,Germany,Dark Fiber,2024-06,75.6,9,15,24.2,73,6,medium
C003,PeakConnect Ltd,Germany,IoT Connectivity,2024-06,86.9,20,18,16.2,41,4,medium
C003,PeakConnect Ltd,Germany,SD-WAN,2024-06,79.3,9,15,12.9,18,5,medium
C003,PeakConnect Ltd,Germany,VoIP,2024-06,76.4,13,23,24.0,10,5,medium
C003,PeakConnect Ltd,Germany,MPLS,2024-06,76.5,20,21,23.0,54,4,medium
C003,PeakConnect Ltd,Germany,Dark Fiber,2024-07,77.3,12,24,24.0,59,2,medium
C003,PeakConnect Ltd,Germany,IoT Connectivity,2024-07,75.7,17,18,14.8,59,4,medium
C003,PeakConnect Ltd,Germany,SD-WAN,2024-07,87.8,15,16,24.5,22,2,medium
C003,PeakConnect Ltd,Germany,VoIP,2024-07,86.0,5,20,17.9,28,4,medium
C003,PeakConnect Ltd,Germany,MPLS,2024-07,78.6,15,10,17.0,60,3,medium
C003,PeakConnect Ltd,Germany,Dark Fiber,2024-08,82.4,20,21,24.3,79,6,medium
C003,PeakConnect Ltd,Germany,IoT Connectivity,2024-08,72.6,12,10,19.5,21,3,medium
C003,PeakConnect Ltd,Germany,SD-WAN,2024-08,78.9,14,9,16.7,13,6,medium
C003,PeakConnect Ltd,Germany,VoIP,2024-08,72.7,9,10,15.4,41,4,medium
C003,PeakConnect Ltd,Germany,MPLS,2024-08,80.5,17,12,12.6,40,5,medium
C003,PeakConnect Ltd,Germany,Dark Fiber,2024-09,80.0,19,12,16.9,42,3,medium
C003,PeakConnect Ltd,Germany,IoT Connectivity,2024-09,82.7,7,23,20.2,66,2,medium
C003,PeakConnect Ltd,Germany,SD-WAN,2024-09,87.1,14,20,20.4,35,4,medium
C003,PeakConnect Ltd,Germany,VoIP,2024-09,88.0,16,21,13.6,47,5,medium
C003,PeakConnect Ltd,Germany,MPLS,2024-09,87.9,17,14,24.7,45,6,medium
C003,PeakConnect Ltd,Germany,Dark Fiber,2024-10,72.1,12,13,22.5,55,3,medium
C003,PeakConnect Ltd,Germany,IoT Connectivity,2024-10,75.5,9,15,20.2,22,6,medium
C003,PeakConnect Ltd,Germany,SD-WAN,2024-10,86.5,16,10,21.8,26,1,medium
C003,PeakConnect Ltd,Germany,VoIP,2024-10,73.4,11,19,21.2,26,2,medium
C003,PeakConnect Ltd,Germany,MPLS,2024-10,84.6,20,20,22.5,47,3,medium
C003,PeakConnect Ltd,Germany,Dark Fiber,2024-11,83.9,9,16,17.0,38,1,medium
C003,PeakConnect Ltd,Germany,IoT Connectivity,2024-11,85.8,5,22,11.4,43,4,medium
C003,PeakConnect Ltd,Germany,SD-WAN,2024-11,80.6,13,24,20.1,58,6,medium
C003,PeakConnect Ltd,Germany,VoIP,2024-11,85.2,5,17,20.1,51,4,medium
C003,PeakConnect Ltd,Germany,MPLS,2024-11,86.6,14,13,19.5,62,4,medium
C003,PeakConnect Ltd,Germany,Dark Fiber,2024-12,73.9,8,6,14.6,22,4,medium
C003,PeakConnect Ltd,Germany,IoT Connectivity,2024-12,75.8,18,15,16.8,29,6,medium
C003,PeakConnect Ltd,Germany,SD-WAN,2024-12,86.2,6,15,19.2,57,3,medium
C003,PeakConnect Ltd,Germany,VoIP,2024-12,75.5,16,22,22.8,79,1,medium
C003,PeakConnect Ltd,Germany,MPLS,2024-12,86.4,8,16,16.0,68,2,medium
C004,BluePath Carriers,India,4G/5G Backhaul,2024-01,96.7,11,10,8.5,37,2,high
C004,BluePath Carriers,India,Fiber Broadband,2024-01,96.9,5,13,8.0,45,2,high
C004,BluePath Carriers,India,IoT Connectivity,2024-01,97.4,8,9,5.9,13,0,high
C004,BluePath Carriers,India,MPLS,2024-01,89.4,10,16,6.3,43,0,high
C004,BluePath Carriers,India,Leased Line,2024-01,88.6,20,21,2.0,67,0,high
C004,BluePath Carriers,India,4G/5G Backhaul,2024-02,96.6,6,10,5.5,76,2,high
C004,BluePath Carriers,India,Fiber Broadband,2024-02,91.3,18,4,10.0,23,1,high
C004,BluePath Carriers,India,IoT Connectivity,2024-02,93.4,9,18,9.1,18,1,high
C004,BluePath Carriers,India,MPLS,2024-02,89.4,14,17,10.0,68,2,high
C004,BluePath Carriers,India,Leased Line,2024-02,93.6,11,17,8.1,65,0,high
C004,BluePath Carriers,India,4G/5G Backhaul,2024-03,93.0,17,14,4.1,63,1,high
C004,BluePath Carriers,India,Fiber Broadband,2024-03,96.0,16,17,3.8,29,1,high
C004,BluePath Carriers,India,IoT Connectivity,2024-03,95.6,7,19,1.8,65,0,high
C004,BluePath Carriers,India,MPLS,2024-03,89.1,15,16,6.0,25,2,high
C004,BluePath Carriers,India,Leased Line,2024-03,92.5,14,17,9.7,55,2,high
C004,BluePath Carriers,India,4G/5G Backhaul,2024-04,89.1,8,11,6.9,54,0,high
C004,BluePath Carriers,India,Fiber Broadband,2024-04,97.3,12,15,7.9,64,2,high
C004,BluePath Carriers,India,IoT Connectivity,2024-04,97.3,13,8,9.4,13,2,high
C004,BluePath Carriers,India,MPLS,2024-04,90.0,9,15,4.2,61,0,high
C004,BluePath Carriers,India,Leased Line,2024-04,88.8,17,4,7.7,63,0,high
C004,BluePath Carriers,India,4G/5G Backhaul,2024-05,93.0,7,11,3.8,16,1,high
C004,BluePath Carriers,India,Fiber Broadband,2024-05,89.7,18,5,3.4,72,2,high
C004,BluePath Carriers,India,IoT Connectivity,2024-05,94.7,8,19,2.9,54,2,high
C004,BluePath Carriers,India,MPLS,2024-05,92.7,14,17,5.4,15,2,high
C004,BluePath Carriers,India,Leased Line,2024-05,90.4,9,5,2.8,42,0,high
C004,BluePath Carriers,India,4G/5G Backhaul,2024-06,91.2,10,7,5.5,26,1,high
C004,BluePath Carriers,India,Fiber Broadband,2024-06,92.2,16,15,6.0,19,2,high
C004,BluePath Carriers,India,IoT Connectivity,2024-06,92.4,15,8,1.2,64,0,high
C004,BluePath Carriers,India,MPLS,2024-06,94.3,15,19,2.0,31,0,high
C004,BluePath Carriers,India,Leased Line,2024-06,96.8,12,20,1.8,65,0,high
C004,BluePath Carriers,India,4G/5G Backhaul,2024-07,94.5,15,9,8.8,38,2,high
C004,BluePath Carriers,India,Fiber Broadband,2024-07,91.7,11,9,5.6,54,0,high
C004,BluePath Carriers,India,IoT Connectivity,2024-07,91.9,11,9,1.9,32,1,high
C004,BluePath Carriers,India,MPLS,2024-07,94.6,20,7,9.6,69,2,high
C004,BluePath Carriers,India,Leased Line,2024-07,96.3,15,22,6.8,50,2,high
C004,BluePath Carriers,India,4G/5G Backhaul,2024-08,89.7,13,9,5.0,17,1,high
C004,BluePath Carriers,India,Fiber Broadband,2024-08,91.9,6,8,5.2,57,0,high
C004,BluePath Carriers,India,IoT Connectivity,2024-08,97.1,17,6,6.5,69,2,high
C004,BluePath Carriers,India,MPLS,2024-08,94.4,11,8,9.2,51,2,high
C004,BluePath Carriers,India,Leased Line,2024-08,94.7,7,8,5.1,74,1,high
C004,BluePath Carriers,India,4G/5G Backhaul,2024-09,95.1,10,6,7.4,56,1,high
C004,BluePath Carriers,India,Fiber Broadband,2024-09,92.1,6,16,4.7,52,1,high
C004,BluePath Carriers,India,IoT Connectivity,2024-09,88.7,13,11,7.1,29,1,high
C004,BluePath Carriers,India,MPLS,2024-09,91.7,17,10,3.8,26,2,high
C004,BluePath Carriers,India,Leased Line,2024-09,94.5,15,8,6.0,26,2,high
C004,BluePath Carriers,India,4G/5G Backhaul,2024-10,95.4,16,9,5.6,49,0,high
C004,BluePath Carriers,India,Fiber Broadband,2024-10,90.0,11,12,9.5,38,1,high
C004,BluePath Carriers,India,IoT Connectivity,2024-10,99.0,6,8,3.7,53,0,high
C004,BluePath Carriers,India,MPLS,2024-10,97.6,10,12,4.4,31,0,high
C004,BluePath Carriers,India,Leased Line,2024-10,95.9,12,8,4.3,66,2,high
C004,BluePath Carriers,India,4G/5G Backhaul,2024-11,94.7,20,19,5.8,34,1,high
C004,BluePath Carriers,India,Fiber Broadband,2024-11,92.0,18,21,7.9,30,1,high
C004,BluePath Carriers,India,IoT Connectivity,2024-11,97.0,16,10,1.5,80,1,high
C004,BluePath Carriers,India,MPLS,2024-11,98.3,13,9,1.8,67,0,high
C004,BluePath Carriers,India,Leased Line,2024-11,98.0,19,11,1.8,54,0,high
C004,BluePath Carriers,India,4G/5G Backhaul,2024-12,98.2,12,17,4.6,59,1,high
C004,BluePath Carriers,India,Fiber Broadband,2024-12,98.9,15,16,1.3,28,0,high
C004,BluePath Carriers,India,IoT Connectivity,2024-12,89.5,20,16,7.3,67,0,high
C004,BluePath Carriers,India,MPLS,2024-12,94.8,18,6,3.3,24,0,high
C004,BluePath Carriers,India,Leased Line,2024-12,96.5,18,13,2.1,68,0,high
C005,ZenithWave,India,IoT Connectivity,2024-01,62.7,16,16,37.9,40,13,low
C005,ZenithWave,India,Fiber Broadband,2024-01,62.6,16,23,45.0,18,12,low
C005,ZenithWave,India,Dark Fiber,2024-01,71.0,17,14,51.2,57,4,low
C005,ZenithWave,India,IoT Connectivity,2024-02,55.6,12,13,48.7,23,9,low
C005,ZenithWave,India,Fiber Broadband,2024-02,67.0,15,20,26.3,32,12,low
C005,ZenithWave,India,Dark Fiber,2024-02,68.3,9,33,39.4,18,6,low
C005,ZenithWave,India,IoT Connectivity,2024-03,65.8,11,22,33.8,15,4,low
C005,ZenithWave,India,Fiber Broadband,2024-03,56.9,20,25,36.9,42,12,low
C005,ZenithWave,India,Dark Fiber,2024-03,50.8,15,18,35.7,44,4,low
C005,ZenithWave,India,IoT Connectivity,2024-04,52.7,19,25,51.7,59,15,low
C005,ZenithWave,India,Fiber Broadband,2024-04,57.5,13,20,45.8,20,9,low
C005,ZenithWave,India,Dark Fiber,2024-04,66.0,14,16,43.1,51,6,low
C005,ZenithWave,India,IoT Connectivity,2024-05,52.3,18,28,33.9,31,11,low
C005,ZenithWave,India,Fiber Broadband,2024-05,65.2,18,26,26.3,45,9,low
C005,ZenithWave,India,Dark Fiber,2024-05,64.1,16,10,45.1,75,10,low
C005,ZenithWave,India,IoT Connectivity,2024-06,67.6,19,13,29.3,14,13,low
C005,ZenithWave,India,Fiber Broadband,2024-06,52.8,17,27,44.4,14,9,low
C005,ZenithWave,India,Dark Fiber,2024-06,63.3,9,27,36.2,77,5,low
C005,ZenithWave,India,IoT Connectivity,2024-07,58.1,5,28,33.4,33,5,low
C005,ZenithWave,India,Fiber Broadband,2024-07,61.0,19,28,28.5,37,8,low
C005,ZenithWave,India,Dark Fiber,2024-07,71.9,11,28,52.5,25,11,low
C005,ZenithWave,India,IoT Connectivity,2024-08,53.0,19,17,30.2,21,15,low
C005,ZenithWave,India,Fiber Broadband,2024-08,67.8,14,28,35.4,48,5,low
C005,ZenithWave,India,Dark Fiber,2024-08,68.7,8,25,35.8,35,7,low
C005,ZenithWave,India,IoT Connectivity,2024-09,67.4,16,27,39.8,69,9,low
C005,ZenithWave,India,Fiber Broadband,2024-09,67.7,14,21,51.5,60,5,low
C005,ZenithWave,India,Dark Fiber,2024-09,72.0,7,31,37.3,26,10,low
C005,ZenithWave,India,IoT Connectivity,2024-10,71.4,16,17,39.0,26,12,low
C005,ZenithWave,India,Fiber Broadband,2024-10,69.3,6,25,54.0,25,10,low
C005,ZenithWave,India,Dark Fiber,2024-10,61.4,12,19,29.9,54,15,low
C005,ZenithWave,India,IoT Connectivity,2024-11,70.8,13,18,32.5,26,14,low
C005,ZenithWave,India,Fiber Broadband,2024-11,63.8,9,18,44.2,31,13,low
C005,ZenithWave,India,Dark Fiber,2024-11,64.5,7,27,26.2,15,4,low
C005,ZenithWave,India,IoT Connectivity,2024-12,70.9,18,26,31.3,13,13,low
C005,ZenithWave,India,Fiber Broadband,2024-12,61.0,12,27,53.7,61,11,low
C005,ZenithWave,India,Dark Fiber,2024-12,56.5,18,21,26.8,71,11,low
C006,TrustLine Communications,USA,Dark Fiber,2024-01,57.0,8,25,28.9,50,9,low
C006,TrustLine Communications,USA,MPLS,2024-01,55.3,8,15,38.5,16,6,low
C006,TrustLine Communications,USA,IoT Connectivity,2024-01,56.4,15,29,37.5,50,6,low
C006,TrustLine Communications,USA,Dark Fiber,2024-02,54.2,20,20,54.9,49,11,low
C006,TrustLine Communications,USA,MPLS,2024-02,60.9,11,16,40.2,55,7,low
C006,TrustLine Communications,USA,IoT Connectivity,2024-02,51.1,20,24,42.9,46,14,low
C006,TrustLine Communications,USA,Dark Fiber,2024-03,61.8,16,17,29.0,61,8,low
C006,TrustLine Communications,USA,MPLS,2024-03,58.1,16,20,42.1,80,7,low
C006,TrustLine Communications,USA,IoT Connectivity,2024-03,56.3,13,28,38.5,25,12,low
C006,TrustLine Communications,USA,Dark Fiber,2024-04,52.8,16,17,36.2,28,9,low
C006,TrustLine Communications,USA,MPLS,2024-04,54.4,9,28,26.2,52,4,low
C006,TrustLine Communications,USA,IoT Connectivity,2024-04,67.7,9,24,43.2,51,12,low
C006,TrustLine Communications,USA,Dark Fiber,2024-05,70.5,14,20,36.8,53,13,low
C006,TrustLine Communications,USA,MPLS,2024-05,61.2,5,34,41.9,57,11,low
C006,TrustLine Communications,USA,IoT Connectivity,2024-05,57.3,5,17,42.5,70,15,low
C006,TrustLine Communications,USA,Dark Fiber,2024-06,55.8,10,26,26.5,77,11,low
C006,TrustLine Communications,USA,MPLS,2024-06,63.8,6,22,49.6,24,7,low
C006,TrustLine Communications,USA,IoT Connectivity,2024-06,54.2,11,27,37.6,62,10,low
C006,TrustLine Communications,USA,Dark Fiber,2024-07,61.0,9,34,46.8,76,15,low
C006,TrustLine Communications,USA,MPLS,2024-07,54.6,15,28,39.4,32,10,low
C006,TrustLine Communications,USA,IoT Connectivity,2024-07,60.1,13,26,35.6,71,15,low
C006,TrustLine Communications,USA,Dark Fiber,2024-08,54.2,14,19,41.7,46,7,low
C006,TrustLine Communications,USA,MPLS,2024-08,65.5,13,28,39.4,46,12,low
C006,TrustLine Communications,USA,IoT Connectivity,2024-08,52.7,14,26,49.6,15,6,low
C006,TrustLine Communications,USA,Dark Fiber,2024-09,56.3,13,15,52.7,71,14,low
C006,TrustLine Communications,USA,MPLS,2024-09,54.7,8,24,45.9,40,6,low
C006,TrustLine Communications,USA,IoT Connectivity,2024-09,55.3,18,25,32.0,52,5,low
C006,TrustLine Communications,USA,Dark Fiber,2024-10,65.8,10,21,48.1,62,4,low
C006,TrustLine Communications,USA,MPLS,2024-10,64.4,15,30,44.5,46,8,low
C006,TrustLine Communications,USA,IoT Connectivity,2024-10,64.2,6,20,42.2,32,12,low
C006,TrustLine Communications,USA,Dark Fiber,2024-11,59.2,20,13,54.9,33,10,low
C006,TrustLine Communications,USA,MPLS,2024-11,70.6,8,17,25.3,52,13,low
C006,TrustLine Communications,USA,IoT Connectivity,2024-11,56.3,13,25,50.5,34,11,low
C006,TrustLine Communications,USA,Dark Fiber,2024-12,67.8,13,20,46.9,33,14,low
C006,TrustLine Communications,USA,MPLS,2024-12,50.3,11,30,33.9,32,14,low
C006,TrustLine Communications,USA,IoT Connectivity,2024-12,63.4,17,26,40.5,22,5,low
C007,BridgeNet Solutions,UAE,IoT Connectivity,2024-01,90.9,14,14,7.8,11,1,high
C007,BridgeNet Solutions,UAE,Dark Fiber,2024-01,90.9,19,16,1.6,49,0,high
C007,BridgeNet Solutions,UAE,Leased Line,2024-01,89.8,16,13,6.7,38,1,high
C007,BridgeNet Solutions,UAE,IoT Connectivity,2024-02,90.4,16,11,2.4,63,2,high
C007,BridgeNet Solutions,UAE,Dark Fiber,2024-02,95.7,12,23,8.2,20,0,high
C007,BridgeNet Solutions,UAE,Leased Line,2024-02,93.8,6,15,9.3,80,0,high
C007,BridgeNet Solutions,UAE,IoT Connectivity,2024-03,97.9,15,14,5.8,76,0,high
C007,BridgeNet Solutions,UAE,Dark Fiber,2024-03,92.9,19,14,5.4,17,2,high
C007,BridgeNet Solutions,UAE,Leased Line,2024-03,93.0,19,20,6.1,49,2,high
C007,BridgeNet Solutions,UAE,IoT Connectivity,2024-04,96.0,11,18,8.3,19,2,high
C007,BridgeNet Solutions,UAE,Dark Fiber,2024-04,88.5,7,15,5.9,70,0,high
C007,BridgeNet Solutions,UAE,Leased Line,2024-04,88.3,18,18,7.9,57,2,high
C007,BridgeNet Solutions,UAE,IoT Connectivity,2024-05,98.9,17,19,8.8,20,1,high
C007,BridgeNet Solutions,UAE,Dark Fiber,2024-05,95.5,17,10,2.1,77,2,high
C007,BridgeNet Solutions,UAE,Leased Line,2024-05,89.4,19,11,7.8,79,1,high
C007,BridgeNet Solutions,UAE,IoT Connectivity,2024-06,92.7,9,17,3.2,45,1,high
C007,BridgeNet Solutions,UAE,Dark Fiber,2024-06,90.1,5,7,8.3,40,1,high
C007,BridgeNet Solutions,UAE,Leased Line,2024-06,90.3,6,11,1.3,41,2,high
C007,BridgeNet Solutions,UAE,IoT Connectivity,2024-07,96.1,6,19,3.1,27,0,high
C007,BridgeNet Solutions,UAE,Dark Fiber,2024-07,93.5,15,14,8.3,51,2,high
C007,BridgeNet Solutions,UAE,Leased Line,2024-07,90.6,13,12,3.0,17,1,high
C007,BridgeNet Solutions,UAE,IoT Connectivity,2024-08,94.1,16,12,6.0,58,0,high
C007,BridgeNet Solutions,UAE,Dark Fiber,2024-08,96.6,17,17,4.7,33,1,high
C007,BridgeNet Solutions,UAE,Leased Line,2024-08,96.3,9,20,8.6,69,1,high
C007,BridgeNet Solutions,UAE,IoT Connectivity,2024-09,98.1,17,20,6.0,41,0,high
C007,BridgeNet Solutions,UAE,Dark Fiber,2024-09,90.8,7,14,9.3,78,1,high
C007,BridgeNet Solutions,UAE,Leased Line,2024-09,96.0,6,10,3.4,19,2,high
C007,BridgeNet Solutions,UAE,IoT Connectivity,2024-10,90.1,14,13,2.9,11,1,high
C007,BridgeNet Solutions,UAE,Dark Fiber,2024-10,90.3,12,10,7.7,36,1,high
C007,BridgeNet Solutions,UAE,Leased Line,2024-10,92.4,17,15,3.9,69,1,high
C007,BridgeNet Solutions,UAE,IoT Connectivity,2024-11,93.9,20,17,3.4,69,2,high
C007,BridgeNet Solutions,UAE,Dark Fiber,2024-11,89.1,15,21,9.2,62,1,high
C007,BridgeNet Solutions,UAE,Leased Line,2024-11,88.5,18,12,1.1,47,2,high
C007,BridgeNet Solutions,UAE,IoT Connectivity,2024-12,89.7,20,15,4.4,80,0,high
C007,BridgeNet Solutions,UAE,Dark Fiber,2024-12,95.2,20,16,7.9,68,1,high
C007,BridgeNet Solutions,UAE,Leased Line,2024-12,89.9,20,16,2.3,33,2,high
C008,ClearPath Telecom,Singapore,Fiber Broadband,2024-01,92.5,11,11,7.4,74,0,high
C008,ClearPath Telecom,Singapore,Dedicated Internet Access,2024-01,93.0,20,9,6.7,72,2,high
C008,ClearPath Telecom,Singapore,VoIP,2024-01,88.2,13,17,1.2,78,2,high
C008,ClearPath Telecom,Singapore,IoT Connectivity,2024-01,98.8,18,8,8.3,32,2,high
C008,ClearPath Telecom,Singapore,Dark Fiber,2024-01,89.2,13,11,2.3,55,0,high
C008,ClearPath Telecom,Singapore,Fiber Broadband,2024-02,90.9,19,16,4.4,41,1,high
C008,ClearPath Telecom,Singapore,Dedicated Internet Access,2024-02,98.9,6,13,7.2,21,0,high
C008,ClearPath Telecom,Singapore,VoIP,2024-02,92.5,5,20,5.3,31,2,high
C008,ClearPath Telecom,Singapore,IoT Connectivity,2024-02,88.9,6,19,6.1,39,0,high
C008,ClearPath Telecom,Singapore,Dark Fiber,2024-02,90.3,13,21,1.4,79,0,high
C008,ClearPath Telecom,Singapore,Fiber Broadband,2024-03,94.2,5,6,9.4,36,1,high
C008,ClearPath Telecom,Singapore,Dedicated Internet Access,2024-03,94.5,12,16,3.7,59,2,high
C008,ClearPath Telecom,Singapore,VoIP,2024-03,95.4,7,17,7.8,74,0,high
C008,ClearPath Telecom,Singapore,IoT Connectivity,2024-03,96.2,7,15,1.9,53,0,high
C008,ClearPath Telecom,Singapore,Dark Fiber,2024-03,94.7,19,18,1.3,72,1,high
C008,ClearPath Telecom,Singapore,Fiber Broadband,2024-04,90.5,17,19,2.7,20,2,high
C008,ClearPath Telecom,Singapore,Dedicated Internet Access,2024-04,96.5,13,14,7.4,29,0,high
C008,ClearPath Telecom,Singapore,VoIP,2024-04,92.2,7,11,3.9,10,0,high
C008,ClearPath Telecom,Singapore,IoT Connectivity,2024-04,98.4,9,20,7.9,21,0,high
C008,ClearPath Telecom,Singapore,Dark Fiber,2024-04,90.1,8,22,6.0,13,1,high
C008,ClearPath Telecom,Singapore,Fiber Broadband,2024-05,89.0,17,10,6.4,11,1,high
C008,ClearPath Telecom,Singapore,Dedicated Internet Access,2024-05,91.2,12,16,7.5,76,2,high
C008,ClearPath Telecom,Singapore,VoIP,2024-05,89.9,13,17,2.2,73,1,high
C008,ClearPath Telecom,Singapore,IoT Connectivity,2024-05,89.6,20,12,3.5,19,1,high
C008,ClearPath Telecom,Singapore,Dark Fiber,2024-05,92.0,19,14,6.3,23,0,high
C008,ClearPath Telecom,Singapore,Fiber Broadband,2024-06,89.5,17,7,4.0,52,2,high
C008,ClearPath Telecom,Singapore,Dedicated Internet Access,2024-06,92.8,11,21,2.2,71,1,high
C008,ClearPath Telecom,Singapore,VoIP,2024-06,91.5,20,18,3.6,41,2,high
C008,ClearPath Telecom,Singapore,IoT Connectivity,2024-06,91.6,11,15,4.3,79,2,high
C008,ClearPath Telecom,Singapore,Dark Fiber,2024-06,90.0,19,7,9.5,47,0,high
C008,ClearPath Telecom,Singapore,Fiber Broadband,2024-07,97.1,14,9,7.1,40,0,high
C008,ClearPath Telecom,Singapore,Dedicated Internet Access,2024-07,90.8,19,11,8.1,71,0,high
C008,ClearPath Telecom,Singapore,VoIP,2024-07,94.4,7,21,1.3,23,1,high
C008,ClearPath Telecom,Singapore,IoT Connectivity,2024-07,96.5,17,16,6.8,52,0,high
C008,ClearPath Telecom,Singapore,Dark Fiber,2024-07,98.6,12,17,1.1,75,1,high
C008,ClearPath Telecom,Singapore,Fiber Broadband,2024-08,96.2,9,14,4.4,54,1,high
C008,ClearPath Telecom,Singapore,Dedicated Internet Access,2024-08,99.0,8,19,3.7,28,0,high
C008,ClearPath Telecom,Singapore,VoIP,2024-08,91.8,20,17,8.1,54,2,high
C008,ClearPath Telecom,Singapore,IoT Connectivity,2024-08,93.2,6,21,3.9,24,1,high
C008,ClearPath Telecom,Singapore,Dark Fiber,2024-08,88.2,12,14,7.1,76,0,high
C008,ClearPath Telecom,Singapore,Fiber Broadband,2024-09,89.9,12,11,6.0,61,1,high
C008,ClearPath Telecom,Singapore,Dedicated Internet Access,2024-09,94.9,11,12,4.6,67,2,high
C008,ClearPath Telecom,Singapore,VoIP,2024-09,94.5,13,16,7.3,18,0,high
C008,ClearPath Telecom,Singapore,IoT Connectivity,2024-09,94.4,8,11,3.9,43,1,high
C008,ClearPath Telecom,Singapore,Dark Fiber,2024-09,95.4,17,23,9.7,60,1,high
C008,ClearPath Telecom,Singapore,Fiber Broadband,2024-10,94.5,10,17,8.6,48,2,high
C008,ClearPath Telecom,Singapore,Dedicated Internet Access,2024-10,98.1,14,7,3.8,24,0,high
C008,ClearPath Telecom,Singapore,VoIP,2024-10,90.0,9,12,4.5,59,2,high
C008,ClearPath Telecom,Singapore,IoT Connectivity,2024-10,92.7,10,23,7.2,31,2,high
C008,ClearPath Telecom,Singapore,Dark Fiber,2024-10,93.4,6,9,3.8,55,1,high
C008,ClearPath Telecom,Singapore,Fiber Broadband,2024-11,98.5,20,20,2.8,62,1,high
C008,ClearPath Telecom,Singapore,Dedicated Internet Access,2024-11,95.5,5,20,5.4,38,0,high
C008,ClearPath Telecom,Singapore,VoIP,2024-11,91.2,19,13,5.8,73,0,high
C008,ClearPath Telecom,Singapore,IoT Connectivity,2024-11,94.0,16,11,2.0,79,2,high
C008,ClearPath Telecom,Singapore,Dark Fiber,2024-11,97.0,8,8,5.9,41,1,high
C008,ClearPath Telecom,Singapore,Fiber Broadband,2024-12,91.3,19,8,3.4,25,0,high
C008,ClearPath Telecom,Singapore,Dedicated Internet Access,2024-12,96.5,16,12,8.3,64,2,high
C008,ClearPath Telecom,Singapore,VoIP,2024-12,89.8,16,9,8.3,78,0,high
C008,ClearPath Telecom,Singapore,IoT Connectivity,2024-12,91.1,14,11,9.8,44,1,high
C008,ClearPath Telecom,Singapore,Dark Fiber,2024-12,98.5,6,8,9.7,45,1,high
C009,OmegaFiber,Australia,MPLS,2024-01,96.4,13,19,2.3,63,2,high
C009,OmegaFiber,Australia,Dedicated Internet Access,2024-01,92.1,13,6,4.6,57,2,high
C009,OmegaFiber,Australia,Leased Line,2024-01,93.0,7,21,6.2,68,2,high
C009,OmegaFiber,Australia,VoIP,2024-01,95.0,11,15,8.2,64,1,high
C009,OmegaFiber,Australia,IoT Connectivity,2024-01,97.1,15,21,3.9,80,1,high
C009,OmegaFiber,Australia,MPLS,2024-02,94.4,6,21,9.0,22,0,high
C009,OmegaFiber,Australia,Dedicated Internet Access,2024-02,94.9,19,18,2.1,68,0,high
C009,OmegaFiber,Australia,Leased Line,2024-02,88.0,14,18,10.0,30,0,high
C009,OmegaFiber,Australia,VoIP,2024-02,97.6,7,12,6.9,57,1,high
C009,OmegaFiber,Australia,IoT Connectivity,2024-02,95.3,12,9,4.6,64,1,high
C009,OmegaFiber,Australia,MPLS,2024-03,95.2,9,7,2.9,38,0,high
C009,OmegaFiber,Australia,Dedicated Internet Access,2024-03,93.7,8,18,1.1,64,1,high
C009,OmegaFiber,Australia,Leased Line,2024-03,95.6,8,19,3.1,23,0,high
C009,OmegaFiber,Australia,VoIP,2024-03,91.4,9,14,4.4,18,0,high
C009,OmegaFiber,Australia,IoT Connectivity,2024-03,93.8,16,8,6.9,37,1,high
C009,OmegaFiber,Australia,MPLS,2024-04,94.9,11,11,6.5,21,1,high
C009,OmegaFiber,Australia,Dedicated Internet Access,2024-04,97.9,16,8,6.3,64,1,high
C009,OmegaFiber,Australia,Leased Line,2024-04,91.5,12,9,3.5,80,0,high
C009,OmegaFiber,Australia,VoIP,2024-04,94.6,14,13,8.6,36,2,high
C009,OmegaFiber,Australia,IoT Connectivity,2024-04,93.7,12,13,3.7,73,0,high
C009,OmegaFiber,Australia,MPLS,2024-05,92.2,5,14,6.7,56,0,high
C009,OmegaFiber,Australia,Dedicated Internet Access,2024-05,98.3,18,11,8.7,56,2,high
C009,OmegaFiber,Australia,Leased Line,2024-05,94.0,5,12,9.6,18,0,high
C009,OmegaFiber,Australia,VoIP,2024-05,88.2,14,10,9.3,74,1,high
C009,OmegaFiber,Australia,IoT Connectivity,2024-05,96.4,9,20,1.7,45,2,high
C009,OmegaFiber,Australia,MPLS,2024-06,88.9,15,10,9.3,60,0,high
C009,OmegaFiber,Australia,Dedicated Internet Access,2024-06,94.5,12,8,7.3,17,2,high
C009,OmegaFiber,Australia,Leased Line,2024-06,90.7,6,17,5.1,49,2,high
C009,OmegaFiber,Australia,VoIP,2024-06,95.3,5,9,1.1,30,0,high
C009,OmegaFiber,Australia,IoT Connectivity,2024-06,93.5,13,19,5.7,31,2,high
C009,OmegaFiber,Australia,MPLS,2024-07,92.1,15,12,7.9,64,0,high
C009,OmegaFiber,Australia,Dedicated Internet Access,2024-07,91.0,7,8,7.4,73,2,high
C009,OmegaFiber,Australia,Leased Line,2024-07,93.0,10,15,5.5,57,2,high
C009,OmegaFiber,Australia,VoIP,2024-07,89.7,12,11,7.1,75,0,high
C009,OmegaFiber,Australia,IoT Connectivity,2024-07,88.0,17,5,1.4,29,1,high
C009,OmegaFiber,Australia,MPLS,2024-08,90.0,18,9,8.2,38,2,high
C009,OmegaFiber,Australia,Dedicated Internet Access,2024-08,91.5,16,19,3.4,25,0,high
C009,OmegaFiber,Australia,Leased Line,2024-08,93.5,6,6,3.0,61,2,high
C009,OmegaFiber,Australia,VoIP,2024-08,88.8,15,20,8.0,21,1,high
C009,OmegaFiber,Australia,IoT Connectivity,2024-08,94.1,14,6,2.8,41,2,high
C009,OmegaFiber,Australia,MPLS,2024-09,93.1,12,20,7.6,29,2,high
C009,OmegaFiber,Australia,Dedicated Internet Access,2024-09,88.1,5,17,3.1,52,1,high
C009,OmegaFiber,Australia,Leased Line,2024-09,88.0,12,18,1.9,63,2,high
C009,OmegaFiber,Australia,VoIP,2024-09,93.4,6,6,7.4,39,0,high
C009,OmegaFiber,Australia,IoT Connectivity,2024-09,97.9,7,19,5.1,22,2,high
C009,OmegaFiber,Australia,MPLS,2024-10,93.6,18,16,6.3,26,0,high
C009,OmegaFiber,Australia,Dedicated Internet Access,2024-10,90.6,15,14,9.3,50,1,high
C009,OmegaFiber,Australia,Leased Line,2024-10,93.0,8,11,9.5,29,0,high
C009,OmegaFiber,Australia,VoIP,2024-10,89.2,16,21,3.8,36,0,high
C009,OmegaFiber,Australia,IoT Connectivity,2024-10,93.0,10,20,8.7,48,0,high
C009,OmegaFiber,Australia,MPLS,2024-11,97.1,9,6,8.5,21,1,high
C009,OmegaFiber,Australia,Dedicated Internet Access,2024-11,95.8,14,18,5.6,43,2,high
C009,OmegaFiber,Australia,Leased Line,2024-11,97.0,12,9,9.6,22,1,high
C009,OmegaFiber,Australia,VoIP,2024-11,93.1,9,8,1.1,35,0,high
C009,OmegaFiber,Australia,IoT Connectivity,2024-11,97.1,7,15,6.2,12,1,high
C009,OmegaFiber,Australia,MPLS,2024-12,99.0,15,13,8.3,25,0,high
C009,OmegaFiber,Australia,Dedicated Internet Access,2024-12,88.5,18,18,2.5,60,2,high
C009,OmegaFiber,Australia,Leased Line,2024-12,93.5,10,19,2.6,45,0,high
C009,OmegaFiber,Australia,VoIP,2024-12,91.1,12,8,6.5,47,2,high
C009,OmegaFiber,Australia,IoT Connectivity,2024-12,93.5,9,19,1.8,63,1,high
C010,StarRoute Networks,UAE,Dedicated Internet Access,2024-01,84.5,16,23,18.2,74,4,medium
C010,StarRoute Networks,UAE,4G/5G Backhaul,2024-01,77.1,12,15,10.4,13,5,medium
C010,StarRoute Networks,UAE,Dark Fiber,2024-01,86.3,16,13,22.1,39,4,medium
C010,StarRoute Networks,UAE,SD-WAN,2024-01,87.6,6,11,19.9,38,3,medium
C010,StarRoute Networks,UAE,Fiber Broadband,2024-01,81.2,10,22,24.0,40,2,medium
C010,StarRoute Networks,UAE,Dedicated Internet Access,2024-02,81.5,9,16,20.6,34,3,medium
C010,StarRoute Networks,UAE,4G/5G Backhaul,2024-02,85.4,7,24,12.6,17,1,medium
C010,StarRoute Networks,UAE,Dark Fiber,2024-02,75.7,15,12,17.9,35,1,medium
C010,StarRoute Networks,UAE,SD-WAN,2024-02,84.9,6,17,23.8,12,3,medium
C010,StarRoute Networks,UAE,Fiber Broadband,2024-02,74.4,7,10,22.7,57,3,medium
C010,StarRoute Networks,UAE,Dedicated Internet Access,2024-03,83.3,9,18,15.0,30,3,medium
C010,StarRoute Networks,UAE,4G/5G Backhaul,2024-03,83.7,16,25,19.7,38,2,medium
C010,StarRoute Networks,UAE,Dark Fiber,2024-03,82.6,14,16,14.6,26,6,medium
C010,StarRoute Networks,UAE,SD-WAN,2024-03,74.8,6,11,22.8,33,5,medium
C010,StarRoute Networks,UAE,Fiber Broadband,2024-03,81.6,15,13,24.1,19,2,medium
C010,StarRoute Networks,UAE,Dedicated Internet Access,2024-04,75.8,15,17,19.5,67,1,medium
C010,StarRoute Networks,UAE,4G/5G Backhaul,2024-04,72.2,13,14,20.4,23,3,medium
C010,StarRoute Networks,UAE,Dark Fiber,2024-04,83.5,10,12,16.6,62,4,medium
C010,StarRoute Networks,UAE,SD-WAN,2024-04,79.9,20,22,18.2,38,1,medium
C010,StarRoute Networks,UAE,Fiber Broadband,2024-04,74.6,13,7,14.4,23,3,medium
C010,StarRoute Networks,UAE,Dedicated Internet Access,2024-05,73.2,7,16,12.4,53,1,medium
C010,StarRoute Networks,UAE,4G/5G Backhaul,2024-05,81.5,10,20,16.5,65,6,medium
C010,StarRoute Networks,UAE,Dark Fiber,2024-05,74.5,18,13,13.1,80,2,medium
C010,StarRoute Networks,UAE,SD-WAN,2024-05,83.6,6,17,14.5,60,1,medium
C010,StarRoute Networks,UAE,Fiber Broadband,2024-05,81.1,18,22,10.8,21,1,medium
C010,StarRoute Networks,UAE,Dedicated Internet Access,2024-06,76.7,10,23,11.5,47,2,medium
C010,StarRoute Networks,UAE,4G/5G Backhaul,2024-06,87.6,20,21,14.6,72,4,medium
C010,StarRoute Networks,UAE,Dark Fiber,2024-06,86.3,10,14,19.6,57,4,medium
C010,StarRoute Networks,UAE,SD-WAN,2024-06,86.2,19,18,16.7,69,3,medium
C010,StarRoute Networks,UAE,Fiber Broadband,2024-06,76.2,8,13,12.3,20,6,medium
C010,StarRoute Networks,UAE,Dedicated Internet Access,2024-07,82.7,18,21,18.3,78,4,medium
C010,StarRoute Networks,UAE,4G/5G Backhaul,2024-07,83.0,17,23,17.1,14,1,medium
C010,StarRoute Networks,UAE,Dark Fiber,2024-07,80.0,10,10,24.2,31,4,medium
C010,StarRoute Networks,UAE,SD-WAN,2024-07,87.6,18,13,10.6,35,1,medium
C010,StarRoute Networks,UAE,Fiber Broadband,2024-07,88.0,7,13,14.8,21,6,medium
C010,StarRoute Networks,UAE,Dedicated Internet Access,2024-08,78.2,19,22,22.8,11,5,medium
C010,StarRoute Networks,UAE,4G/5G Backhaul,2024-08,84.6,8,19,16.2,23,2,medium
C010,StarRoute Networks,UAE,Dark Fiber,2024-08,81.0,18,12,23.0,43,3,medium
C010,StarRoute Networks,UAE,SD-WAN,2024-08,78.1,17,27,10.6,28,3,medium
C010,StarRoute Networks,UAE,Fiber Broadband,2024-08,81.9,12,17,15.9,16,3,medium
C010,StarRoute Networks,UAE,Dedicated Internet Access,2024-09,83.9,14,18,10.3,45,3,medium
C010,StarRoute Networks,UAE,4G/5G Backhaul,2024-09,85.5,19,11,12.0,51,6,medium
C010,StarRoute Networks,UAE,Dark Fiber,2024-09,76.3,18,19,12.8,72,2,medium
C010,StarRoute Networks,UAE,SD-WAN,2024-09,84.2,7,16,17.7,49,2,medium
C010,StarRoute Networks,UAE,Fiber Broadband,2024-09,83.4,5,19,21.7,32,5,medium
C010,StarRoute Networks,UAE,Dedicated Internet Access,2024-10,75.1,6,11,13.7,56,4,medium
C010,StarRoute Networks,UAE,4G/5G Backhaul,2024-10,83.3,17,18,22.4,25,5,medium
C010,StarRoute Networks,UAE,Dark Fiber,2024-10,82.9,10,17,17.3,70,4,medium
C010,StarRoute Networks,UAE,SD-WAN,2024-10,81.4,7,21,12.5,46,3,medium
C010,StarRoute Networks,UAE,Fiber Broadband,2024-10,72.4,12,8,22.8,38,2,medium
C010,StarRoute Networks,UAE,Dedicated Internet Access,2024-11,82.8,5,19,17.7,70,6,medium
C010,StarRoute Networks,UAE,4G/5G Backhaul,2024-11,86.6,14,10,13.4,45,5,medium
C010,StarRoute Networks,UAE,Dark Fiber,2024-11,78.8,19,22,16.9,48,2,medium
C010,StarRoute Networks,UAE,SD-WAN,2024-11,82.8,16,18,10.1,46,6,medium
C010,StarRoute Networks,UAE,Fiber Broadband,2024-11,76.8,15,15,11.0,45,3,medium
C010,StarRoute Networks,UAE,Dedicated Internet Access,2024-12,76.2,6,17,12.2,61,2,medium
C010,StarRoute Networks,UAE,4G/5G Backhaul,2024-12,82.6,13,9,19.8,63,3,medium
C010,StarRoute Networks,UAE,Dark Fiber,2024-12,78.5,12,9,15.1,78,6,medium
C010,StarRoute Networks,UAE,SD-WAN,2024-12,82.2,10,25,17.6,47,2,medium
C010,StarRoute Networks,UAE,Fiber Broadband,2024-12,73.6,10,13,20.9,52,5,medium
C011,EchoConnect,Germany,4G/5G Backhaul,2024-01,69.2,13,33,51.6,47,9,low
C011,EchoConnect,Germany,Dark Fiber,2024-01,60.2,7,18,26.6,70,14,low
C011,EchoConnect,Germany,Leased Line,2024-01,69.6,18,21,36.5,16,8,low
C011,EchoConnect,Germany,4G/5G Backhaul,2024-02,69.2,18,14,54.8,68,9,low
C011,EchoConnect,Germany,Dark Fiber,2024-02,53.2,10,25,27.4,50,9,low
C011,EchoConnect,Germany,Leased Line,2024-02,64.0,10,15,33.2,72,6,low
C011,EchoConnect,Germany,4G/5G Backhaul,2024-03,67.3,18,12,43.4,61,14,low
C011,EchoConnect,Germany,Dark Fiber,2024-03,59.4,11,29,25.1,57,12,low
C011,EchoConnect,Germany,Leased Line,2024-03,70.9,5,30,50.0,10,7,low
C011,EchoConnect,Germany,4G/5G Backhaul,2024-04,63.8,14,18,45.8,26,9,low
C011,EchoConnect,Germany,Dark Fiber,2024-04,52.3,14,19,27.0,47,4,low
C011,EchoConnect,Germany,Leased Line,2024-04,60.0,15,24,51.6,72,6,low
C011,EchoConnect,Germany,4G/5G Backhaul,2024-05,57.9,5,16,53.4,39,10,low
C011,EchoConnect,Germany,Dark Fiber,2024-05,54.9,10,15,47.0,25,13,low
C011,EchoConnect,Germany,Leased Line,2024-05,58.1,6,15,51.3,16,8,low
C011,EchoConnect,Germany,4G/5G Backhaul,2024-06,64.6,19,8,45.7,58,10,low
C011,EchoConnect,Germany,Dark Fiber,2024-06,52.7,5,23,46.1,48,7,low
C011,EchoConnect,Germany,Leased Line,2024-06,59.3,9,21,40.6,63,13,low
C011,EchoConnect,Germany,4G/5G Backhaul,2024-07,68.3,14,19,46.6,24,5,low
C011,EchoConnect,Germany,Dark Fiber,2024-07,67.3,11,26,43.3,55,8,low
C011,EchoConnect,Germany,Leased Line,2024-07,65.5,11,19,26.2,71,11,low
C011,EchoConnect,Germany,4G/5G Backhaul,2024-08,57.3,20,8,45.1,29,5,low
C011,EchoConnect,Germany,Dark Fiber,2024-08,70.9,12,21,46.7,68,8,low
C011,EchoConnect,Germany,Leased Line,2024-08,71.8,10,21,38.9,15,5,low
C011,EchoConnect,Germany,4G/5G Backhaul,2024-09,68.7,8,31,45.3,22,10,low
C011,EchoConnect,Germany,Dark Fiber,2024-09,68.7,10,9,50.6,52,14,low
C011,EchoConnect,Germany,Leased Line,2024-09,57.9,7,31,33.0,57,15,low
C011,EchoConnect,Germany,4G/5G Backhaul,2024-10,67.9,13,14,37.0,59,11,low
C011,EchoConnect,Germany,Dark Fiber,2024-10,65.2,8,35,37.7,26,6,low
C011,EchoConnect,Germany,Leased Line,2024-10,65.3,20,11,28.1,66,13,low
C011,EchoConnect,Germany,4G/5G Backhaul,2024-11,54.0,9,32,35.8,71,4,low
C011,EchoConnect,Germany,Dark Fiber,2024-11,70.2,13,17,38.2,50,5,low
C011,EchoConnect,Germany,Leased Line,2024-11,50.3,8,25,51.2,65,12,low
C011,EchoConnect,Germany,4G/5G Backhaul,2024-12,64.6,17,22,35.4,29,14,low
C011,EchoConnect,Germany,Dark Fiber,2024-12,68.5,20,9,44.3,73,6,low
C011,EchoConnect,Germany,Leased Line,2024-12,69.1,15,22,39.7,45,7,low
C012,VelocityNet,India,4G/5G Backhaul,2024-01,79.1,15,20,22.8,25,4,medium
C012,VelocityNet,India,VoIP,2024-01,87.7,5,6,16.1,21,1,medium
C012,VelocityNet,India,Dedicated Internet Access,2024-01,84.7,15,17,19.8,56,4,medium
C012,VelocityNet,India,Leased Line,2024-01,85.2,20,19,15.0,56,5,medium
C012,VelocityNet,India,Fiber Broadband,2024-01,83.5,5,9,21.4,53,2,medium
C012,VelocityNet,India,4G/5G Backhaul,2024-02,77.7,10,19,20.5,73,1,medium
C012,VelocityNet,India,VoIP,2024-02,74.2,11,19,13.8,25,2,medium
C012,VelocityNet,India,Dedicated Internet Access,2024-02,86.9,15,20,16.9,23,2,medium
C012,VelocityNet,India,Leased Line,2024-02,84.1,19,7,21.6,74,4,medium
C012,VelocityNet,India,Fiber Broadband,2024-02,74.2,18,20,18.0,71,1,medium
C012,VelocityNet,India,4G/5G Backhaul,2024-03,86.8,8,12,21.0,59,2,medium
C012,VelocityNet,India,VoIP,2024-03,82.5,12,21,16.3,45,5,medium
C012,VelocityNet,India,Dedicated Internet Access,2024-03,78.4,9,19,16.8,62,2,medium
C012,VelocityNet,India,Leased Line,2024-03,81.6,11,19,20.7,35,5,medium
C012,VelocityNet,India,Fiber Broadband,2024-03,75.4,10,19,23.8,74,2,medium
C012,VelocityNet,India,4G/5G Backhaul,2024-04,80.7,20,16,21.4,63,5,medium
C012,VelocityNet,India,VoIP,2024-04,82.8,8,20,22.1,13,5,medium
C012,VelocityNet,India,Dedicated Internet Access,2024-04,78.1,14,6,13.0,42,2,medium
C012,VelocityNet,India,Leased Line,2024-04,74.3,6,10,13.1,55,5,medium
C012,VelocityNet,India,Fiber Broadband,2024-04,85.0,17,11,21.1,40,5,medium
C012,VelocityNet,India,4G/5G Backhaul,2024-05,80.2,18,14,23.9,50,4,medium
C012,VelocityNet,India,VoIP,2024-05,87.5,19,6,21.2,38,2,medium
C012,VelocityNet,India,Dedicated Internet Access,2024-05,86.6,14,19,21.6,67,2,medium
C012,VelocityNet,India,Leased Line,2024-05,74.8,8,9,24.4,58,6,medium
C012,VelocityNet,India,Fiber Broadband,2024-05,72.7,13,17,12.0,10,5,medium
C012,VelocityNet,India,4G/5G Backhaul,2024-06,77.3,6,9,12.3,48,3,medium
C012,VelocityNet,India,VoIP,2024-06,79.8,12,17,21.8,33,3,medium
C012,VelocityNet,India,Dedicated Internet Access,2024-06,80.3,7,16,18.1,54,4,medium
C012,VelocityNet,India,Leased Line,2024-06,75.5,11,16,15.0,77,3,medium
C012,VelocityNet,India,Fiber Broadband,2024-06,79.6,12,6,20.0,41,4,medium
C012,VelocityNet,India,4G/5G Backhaul,2024-07,87.3,17,21,23.7,42,1,medium
C012,VelocityNet,India,VoIP,2024-07,80.6,19,14,23.7,72,3,medium
C012,VelocityNet,India,Dedicated Internet Access,2024-07,72.7,10,16,17.7,78,1,medium
C012,VelocityNet,India,Leased Line,2024-07,80.5,18,10,20.1,23,2,medium
C012,VelocityNet,India,Fiber Broadband,2024-07,75.3,5,19,21.2,68,2,medium
C012,VelocityNet,India,4G/5G Backhaul,2024-08,83.5,13,7,11.1,19,2,medium
C012,VelocityNet,India,VoIP,2024-08,81.2,17,16,16.1,65,4,medium
C012,VelocityNet,India,Dedicated Internet Access,2024-08,77.1,7,18,18.0,15,6,medium
C012,VelocityNet,India,Leased Line,2024-08,83.2,14,12,23.9,48,1,medium
C012,VelocityNet,India,Fiber Broadband,2024-08,81.7,5,21,15.7,70,6,medium
C012,VelocityNet,India,4G/5G Backhaul,2024-09,74.5,14,14,21.2,28,5,medium
C012,VelocityNet,India,VoIP,2024-09,76.8,9,16,18.3,25,5,medium
C012,VelocityNet,India,Dedicated Internet Access,2024-09,72.7,16,18,14.6,37,6,medium
C012,VelocityNet,India,Leased Line,2024-09,78.6,13,11,12.8,34,5,medium
C012,VelocityNet,India,Fiber Broadband,2024-09,73.8,14,13,19.7,18,1,medium
C012,VelocityNet,India,4G/5G Backhaul,2024-10,76.0,9,18,24.3,40,3,medium
C012,VelocityNet,India,VoIP,2024-10,73.6,15,10,14.8,49,4,medium
C012,VelocityNet,India,Dedicated Internet Access,2024-10,83.1,10,14,22.1,10,4,medium
C012,VelocityNet,India,Leased Line,2024-10,77.0,9,18,14.2,52,3,medium
C012,VelocityNet,India,Fiber Broadband,2024-10,86.0,20,26,15.4,80,3,medium
C012,VelocityNet,India,4G/5G Backhaul,2024-11,73.7,11,11,22.9,43,2,medium
C012,VelocityNet,India,VoIP,2024-11,83.7,5,8,23.4,61,5,medium
C012,VelocityNet,India,Dedicated Internet Access,2024-11,84.3,20,11,18.3,29,5,medium
C012,VelocityNet,India,Leased Line,2024-11,77.9,7,16,12.0,60,5,medium
C012,VelocityNet,India,Fiber Broadband,2024-11,77.8,10,8,22.7,75,5,medium
C012,VelocityNet,India,4G/5G Backhaul,2024-12,74.2,9,12,18.5,71,5,medium
C012,VelocityNet,India,VoIP,2024-12,87.0,7,9,21.4,43,2,medium
C012,VelocityNet,India,Dedicated Internet Access,2024-12,77.9,17,9,17.8,70,3,medium
C012,VelocityNet,India,Leased Line,2024-12,86.7,8,6,24.7,76,3,medium
C012,VelocityNet,India,Fiber Broadband,2024-12,82.1,10,17,18.7,58,5,medium
C013,PrimeLane Carriers,Germany,Dark Fiber,2024-01,87.6,20,18,15.3,71,3,medium
C013,PrimeLane Carriers,Germany,Leased Line,2024-01,86.2,7,7,16.6,75,2,medium
C013,PrimeLane Carriers,Germany,SD-WAN,2024-01,82.3,8,13,12.8,39,3,medium
C013,PrimeLane Carriers,Germany,MPLS,2024-01,78.6,20,16,17.2,36,4,medium
C013,PrimeLane Carriers,Germany,Dark Fiber,2024-02,81.5,10,18,13.7,27,2,medium
C013,PrimeLane Carriers,Germany,Leased Line,2024-02,82.1,10,8,10.8,76,3,medium
C013,PrimeLane Carriers,Germany,SD-WAN,2024-02,87.3,19,9,24.2,70,2,medium
C013,PrimeLane Carriers,Germany,MPLS,2024-02,85.9,9,13,22.5,33,5,medium
C013,PrimeLane Carriers,Germany,Dark Fiber,2024-03,82.0,19,15,20.9,18,3,medium
C013,PrimeLane Carriers,Germany,Leased Line,2024-03,75.7,18,19,11.6,29,2,medium
C013,PrimeLane Carriers,Germany,SD-WAN,2024-03,81.7,6,17,23.5,78,5,medium
C013,PrimeLane Carriers,Germany,MPLS,2024-03,80.1,5,9,17.2,65,2,medium
C013,PrimeLane Carriers,Germany,Dark Fiber,2024-04,80.4,12,16,20.5,71,4,medium
C013,PrimeLane Carriers,Germany,Leased Line,2024-04,84.6,8,22,18.8,64,6,medium
C013,PrimeLane Carriers,Germany,SD-WAN,2024-04,74.1,14,23,23.7,79,1,medium
C013,PrimeLane Carriers,Germany,MPLS,2024-04,78.5,8,11,20.6,76,1,medium
C013,PrimeLane Carriers,Germany,Dark Fiber,2024-05,72.1,9,16,16.1,64,1,medium
C013,PrimeLane Carriers,Germany,Leased Line,2024-05,82.4,16,17,22.8,45,4,medium
C013,PrimeLane Carriers,Germany,SD-WAN,2024-05,87.9,20,20,16.2,32,5,medium
C013,PrimeLane Carriers,Germany,MPLS,2024-05,77.9,16,24,24.8,60,5,medium
C013,PrimeLane Carriers,Germany,Dark Fiber,2024-06,83.8,10,11,16.7,22,6,medium
C013,PrimeLane Carriers,Germany,Leased Line,2024-06,75.4,6,22,22.0,30,5,medium
C013,PrimeLane Carriers,Germany,SD-WAN,2024-06,78.2,18,6,22.3,21,4,medium
C013,PrimeLane Carriers,Germany,MPLS,2024-06,73.0,17,17,11.2,61,1,medium
C013,PrimeLane Carriers,Germany,Dark Fiber,2024-07,81.8,20,14,24.2,66,2,medium
C013,PrimeLane Carriers,Germany,Leased Line,2024-07,72.2,12,17,10.5,31,5,medium
C013,PrimeLane Carriers,Germany,SD-WAN,2024-07,82.8,7,19,19.8,45,2,medium
C013,PrimeLane Carriers,Germany,MPLS,2024-07,84.5,5,22,16.1,18,2,medium
C013,PrimeLane Carriers,Germany,Dark Fiber,2024-08,86.7,12,19,15.2,34,3,medium
C013,PrimeLane Carriers,Germany,Leased Line,2024-08,79.3,8,17,13.9,19,4,medium
C013,PrimeLane Carriers,Germany,SD-WAN,2024-08,80.1,13,16,22.0,66,3,medium
C013,PrimeLane Carriers,Germany,MPLS,2024-08,87.5,19,23,21.4,13,4,medium
C013,PrimeLane Carriers,Germany,Dark Fiber,2024-09,79.7,12,14,15.7,50,2,medium
C013,PrimeLane Carriers,Germany,Leased Line,2024-09,78.6,12,16,20.5,46,3,medium
C013,PrimeLane Carriers,Germany,SD-WAN,2024-09,73.5,20,16,18.3,50,2,medium
C013,PrimeLane Carriers,Germany,MPLS,2024-09,77.7,11,15,24.2,73,6,medium
C013,PrimeLane Carriers,Germany,Dark Fiber,2024-10,83.8,12,15,23.1,35,2,medium
C013,PrimeLane Carriers,Germany,Leased Line,2024-10,85.4,7,18,21.7,73,1,medium
C013,PrimeLane Carriers,Germany,SD-WAN,2024-10,81.8,20,13,15.6,45,3,medium
C013,PrimeLane Carriers,Germany,MPLS,2024-10,79.9,9,19,13.3,16,5,medium
C013,PrimeLane Carriers,Germany,Dark Fiber,2024-11,80.4,16,25,24.1,60,1,medium
C013,PrimeLane Carriers,Germany,Leased Line,2024-11,85.8,19,17,24.6,50,6,medium
C013,PrimeLane Carriers,Germany,SD-WAN,2024-11,83.0,15,8,15.7,56,1,medium
C013,PrimeLane Carriers,Germany,MPLS,2024-11,81.8,13,15,18.2,70,2,medium
C013,PrimeLane Carriers,Germany,Dark Fiber,2024-12,87.3,11,20,12.8,63,4,medium
C013,PrimeLane Carriers,Germany,Leased Line,2024-12,83.2,19,21,22.8,33,3,medium
C013,PrimeLane Carriers,Germany,SD-WAN,2024-12,81.1,18,13,20.8,58,2,medium
C013,PrimeLane Carriers,Germany,MPLS,2024-12,75.1,18,16,22.1,73,2,medium
C014,AxisLink Telecom,UAE,Dedicated Internet Access,2024-01,81.0,6,12,11.5,37,2,medium
C014,AxisLink Telecom,UAE,Dark Fiber,2024-01,85.0,13,21,16.7,56,3,medium
C014,AxisLink Telecom,UAE,VoIP,2024-01,77.8,16,18,10.3,35,1,medium
C014,AxisLink Telecom,UAE,4G/5G Backhaul,2024-01,81.2,20,14,15.3,67,6,medium
C014,AxisLink Telecom,UAE,MPLS,2024-01,86.2,10,21,17.0,53,2,medium
C014,AxisLink Telecom,UAE,Dedicated Internet Access,2024-02,78.7,12,18,11.2,50,3,medium
C014,AxisLink Telecom,UAE,Dark Fiber,2024-02,77.1,13,18,19.1,66,4,medium
C014,AxisLink Telecom,UAE,VoIP,2024-02,84.5,5,23,16.2,26,2,medium
C014,AxisLink Telecom,UAE,4G/5G Backhaul,2024-02,83.6,8,14,13.2,22,4,medium
C014,AxisLink Telecom,UAE,MPLS,2024-02,73.0,7,20,10.4,23,4,medium
C014,AxisLink Telecom,UAE,Dedicated Internet Access,2024-03,76.2,14,10,19.8,39,4,medium
C014,AxisLink Telecom,UAE,Dark Fiber,2024-03,76.0,10,21,19.4,13,2,medium
C014,AxisLink Telecom,UAE,VoIP,2024-03,72.6,13,21,23.0,80,4,medium
C014,AxisLink Telecom,UAE,4G/5G Backhaul,2024-03,79.1,18,17,19.5,77,6,medium
C014,AxisLink Telecom,UAE,MPLS,2024-03,82.2,7,19,17.2,66,2,medium
C014,AxisLink Telecom,UAE,Dedicated Internet Access,2024-04,76.9,5,22,12.3,76,1,medium
C014,AxisLink Telecom,UAE,Dark Fiber,2024-04,85.0,5,14,14.3,72,5,medium
C014,AxisLink Telecom,UAE,VoIP,2024-04,87.2,14,24,10.1,39,4,medium
C014,AxisLink Telecom,UAE,4G/5G Backhaul,2024-04,84.7,18,19,16.2,60,5,medium
C014,AxisLink Telecom,UAE,MPLS,2024-04,76.0,18,23,13.3,40,1,medium
C014,AxisLink Telecom,UAE,Dedicated Internet Access,2024-05,80.3,13,17,19.7,62,5,medium
C014,AxisLink Telecom,UAE,Dark Fiber,2024-05,75.0,19,9,12.0,67,1,medium
C014,AxisLink Telecom,UAE,VoIP,2024-05,76.4,6,23,14.8,78,2,medium
C014,AxisLink Telecom,UAE,4G/5G Backhaul,2024-05,72.4,19,12,14.0,11,6,medium
C014,AxisLink Telecom,UAE,MPLS,2024-05,75.7,18,9,17.4,49,3,medium
C014,AxisLink Telecom,UAE,Dedicated Internet Access,2024-06,84.6,15,25,17.0,20,1,medium
C014,AxisLink Telecom,UAE,Dark Fiber,2024-06,85.5,7,9,14.0,79,4,medium
C014,AxisLink Telecom,UAE,VoIP,2024-06,79.5,8,15,22.3,41,1,medium
C014,AxisLink Telecom,UAE,4G/5G Backhaul,2024-06,78.2,11,22,21.1,68,1,medium
C014,AxisLink Telecom,UAE,MPLS,2024-06,83.8,14,11,17.1,51,6,medium
C014,AxisLink Telecom,UAE,Dedicated Internet Access,2024-07,74.5,14,7,13.8,35,6,medium
C014,AxisLink Telecom,UAE,Dark Fiber,2024-07,77.8,18,9,24.6,51,2,medium
C014,AxisLink Telecom,UAE,VoIP,2024-07,72.2,5,14,15.9,15,2,medium
C014,AxisLink Telecom,UAE,4G/5G Backhaul,2024-07,81.3,12,22,15.6,30,1,medium
C014,AxisLink Telecom,UAE,MPLS,2024-07,80.0,9,15,10.9,78,6,medium
C014,AxisLink Telecom,UAE,Dedicated Internet Access,2024-08,84.7,16,16,13.5,66,5,medium
C014,AxisLink Telecom,UAE,Dark Fiber,2024-08,83.7,13,11,15.4,15,2,medium
C014,AxisLink Telecom,UAE,VoIP,2024-08,79.8,11,23,18.1,33,4,medium
C014,AxisLink Telecom,UAE,4G/5G Backhaul,2024-08,80.7,10,22,14.1,18,5,medium
C014,AxisLink Telecom,UAE,MPLS,2024-08,80.5,16,23,22.3,68,5,medium
C014,AxisLink Telecom,UAE,Dedicated Internet Access,2024-09,72.0,16,19,23.2,40,5,medium
C014,AxisLink Telecom,UAE,Dark Fiber,2024-09,77.1,20,13,12.8,80,6,medium
C014,AxisLink Telecom,UAE,VoIP,2024-09,74.5,8,19,16.1,22,3,medium
C014,AxisLink Telecom,UAE,4G/5G Backhaul,2024-09,80.4,10,7,22.5,14,2,medium
C014,AxisLink Telecom,UAE,MPLS,2024-09,75.2,17,23,11.5,72,5,medium
C014,AxisLink Telecom,UAE,Dedicated Internet Access,2024-10,80.4,7,13,15.5,11,5,medium
C014,AxisLink Telecom,UAE,Dark Fiber,2024-10,86.9,19,18,23.9,17,1,medium
C014,AxisLink Telecom,UAE,VoIP,2024-10,77.8,13,23,21.9,77,1,medium
C014,AxisLink Telecom,UAE,4G/5G Backhaul,2024-10,72.7,8,11,11.2,22,2,medium
C014,AxisLink Telecom,UAE,MPLS,2024-10,83.6,12,20,12.9,32,6,medium
C014,AxisLink Telecom,UAE,Dedicated Internet Access,2024-11,80.9,16,19,21.5,68,5,medium
C014,AxisLink Telecom,UAE,Dark Fiber,2024-11,83.2,17,19,12.5,74,2,medium
C014,AxisLink Telecom,UAE,VoIP,2024-11,77.4,15,17,24.0,57,3,medium
C014,AxisLink Telecom,UAE,4G/5G Backhaul,2024-11,78.6,11,23,19.1,58,5,medium
C014,AxisLink Telecom,UAE,MPLS,2024-11,84.3,17,18,24.4,10,4,medium
C014,AxisLink Telecom,UAE,Dedicated Internet Access,2024-12,83.6,5,14,17.8,48,3,medium
C014,AxisLink Telecom,UAE,Dark Fiber,2024-12,87.8,13,16,10.3,80,6,medium
C014,AxisLink Telecom,UAE,VoIP,2024-12,80.2,9,10,10.6,27,3,medium
C014,AxisLink Telecom,UAE,4G/5G Backhaul,2024-12,76.2,7,15,13.8,61,3,medium
C014,AxisLink Telecom,UAE,MPLS,2024-12,81.1,10,12,20.9,72,4,medium
C015,HorizonNet,Australia,Leased Line,2024-01,73.3,18,11,15.2,25,4,medium
C015,HorizonNet,Australia,SD-WAN,2024-01,85.9,17,12,19.5,16,6,medium
C015,HorizonNet,Australia,Fiber Broadband,2024-01,76.9,15,11,18.1,74,2,medium
C015,HorizonNet,Australia,Dark Fiber,2024-01,83.2,19,9,20.1,74,4,medium
C015,HorizonNet,Australia,IoT Connectivity,2024-01,73.4,9,22,21.8,53,2,medium
C015,HorizonNet,Australia,Leased Line,2024-02,73.3,18,12,13.9,26,4,medium
C015,HorizonNet,Australia,SD-WAN,2024-02,84.2,11,23,17.3,77,6,medium
C015,HorizonNet,Australia,Fiber Broadband,2024-02,75.9,7,11,21.7,24,3,medium
C015,HorizonNet,Australia,Dark Fiber,2024-02,82.7,16,23,15.2,13,3,medium
C015,HorizonNet,Australia,IoT Connectivity,2024-02,84.3,9,15,19.2,66,4,medium
C015,HorizonNet,Australia,Leased Line,2024-03,72.7,7,15,20.3,24,2,medium
C015,HorizonNet,Australia,SD-WAN,2024-03,83.8,5,14,23.0,53,3,medium
C015,HorizonNet,Australia,Fiber Broadband,2024-03,83.1,15,12,16.8,36,1,medium
C015,HorizonNet,Australia,Dark Fiber,2024-03,83.8,20,14,18.2,28,3,medium
C015,HorizonNet,Australia,IoT Connectivity,2024-03,83.1,6,11,18.7,42,6,medium
C015,HorizonNet,Australia,Leased Line,2024-04,74.7,13,17,21.8,16,5,medium
C015,HorizonNet,Australia,SD-WAN,2024-04,79.4,16,6,15.8,23,3,medium
C015,HorizonNet,Australia,Fiber Broadband,2024-04,72.3,8,20,24.7,50,5,medium
C015,HorizonNet,Australia,Dark Fiber,2024-04,79.8,5,9,13.0,15,4,medium
C015,HorizonNet,Australia,IoT Connectivity,2024-04,76.0,10,19,17.3,12,6,medium
C015,HorizonNet,Australia,Leased Line,2024-05,77.5,13,21,19.4,17,2,medium
C015,HorizonNet,Australia,SD-WAN,2024-05,82.0,12,17,24.2,29,3,medium
C015,HorizonNet,Australia,Fiber Broadband,2024-05,77.5,12,19,11.3,63,4,medium
C015,HorizonNet,Australia,Dark Fiber,2024-05,75.8,15,15,24.6,67,5,medium
C015,HorizonNet,Australia,IoT Connectivity,2024-05,80.7,11,13,18.7,27,6,medium
C015,HorizonNet,Australia,Leased Line,2024-06,76.9,10,15,24.9,50,2,medium
C015,HorizonNet,Australia,SD-WAN,2024-06,73.1,5,10,14.8,50,2,medium
C015,HorizonNet,Australia,Fiber Broadband,2024-06,86.1,13,24,14.6,29,6,medium
C015,HorizonNet,Australia,Dark Fiber,2024-06,84.5,13,10,12.8,39,5,medium
C015,HorizonNet,Australia,IoT Connectivity,2024-06,81.5,20,12,15.4,27,6,medium
C015,HorizonNet,Australia,Leased Line,2024-07,80.0,20,25,12.8,70,4,medium
C015,HorizonNet,Australia,SD-WAN,2024-07,74.2,13,14,10.5,62,1,medium
C015,HorizonNet,Australia,Fiber Broadband,2024-07,75.6,20,14,11.0,51,4,medium
C015,HorizonNet,Australia,Dark Fiber,2024-07,85.9,17,18,16.1,50,1,medium
C015,HorizonNet,Australia,IoT Connectivity,2024-07,78.3,12,7,16.8,76,1,medium
C015,HorizonNet,Australia,Leased Line,2024-08,80.6,6,12,17.7,34,6,medium
C015,HorizonNet,Australia,SD-WAN,2024-08,76.7,19,21,21.6,31,3,medium
C015,HorizonNet,Australia,Fiber Broadband,2024-08,78.8,19,8,17.0,21,6,medium
C015,HorizonNet,Australia,Dark Fiber,2024-08,83.6,9,10,21.7,60,6,medium
C015,HorizonNet,Australia,IoT Connectivity,2024-08,78.6,11,19,12.7,68,5,medium
C015,HorizonNet,Australia,Leased Line,2024-09,73.4,7,17,20.8,24,1,medium
C015,HorizonNet,Australia,SD-WAN,2024-09,83.3,10,17,17.9,58,4,medium
C015,HorizonNet,Australia,Fiber Broadband,2024-09,80.8,9,8,23.7,30,5,medium
C015,HorizonNet,Australia,Dark Fiber,2024-09,85.9,19,10,16.3,46,3,medium
C015,HorizonNet,Australia,IoT Connectivity,2024-09,82.0,13,10,24.4,11,1,medium
C015,HorizonNet,Australia,Leased Line,2024-10,79.3,12,20,19.1,37,4,medium
C015,HorizonNet,Australia,SD-WAN,2024-10,81.4,5,27,16.2,41,1,medium
C015,HorizonNet,Australia,Fiber Broadband,2024-10,86.1,6,16,10.7,54,2,medium
C015,HorizonNet,Australia,Dark Fiber,2024-10,72.6,6,10,15.0,23,1,medium
C015,HorizonNet,Australia,IoT Connectivity,2024-10,78.7,10,12,20.1,68,5,medium
C015,HorizonNet,Australia,Leased Line,2024-11,84.0,15,16,11.4,57,3,medium
C015,HorizonNet,Australia,SD-WAN,2024-11,86.4,14,13,22.6,70,1,medium
C015,HorizonNet,Australia,Fiber Broadband,2024-11,74.2,11,18,17.9,36,5,medium
C015,HorizonNet,Australia,Dark Fiber,2024-11,81.8,14,9,17.3,64,6,medium
C015,HorizonNet,Australia,IoT Connectivity,2024-11,81.7,16,19,17.9,26,5,medium
C015,HorizonNet,Australia,Leased Line,2024-12,81.8,12,27,17.4,47,2,medium
C015,HorizonNet,Australia,SD-WAN,2024-12,87.7,8,6,10.4,36,6,medium
C015,HorizonNet,Australia,Fiber Broadband,2024-12,84.8,11,24,10.7,11,3,medium
C015,HorizonNet,Australia,Dark Fiber,2024-12,82.2,14,18,21.9,74,3,medium
C015,HorizonNet,Australia,IoT Connectivity,2024-12,80.8,17,6,20.3,13,3,medium
