supplier_id,supplier_name,service_type,month,cost_index,quality_score,fulfillment_rate_pct,billing_accuracy_pct,dispute_count,orders_handled,quality_tier
S001,TechEquip Pvt Ltd,4G/5G Backhaul,2024-01,1.23,76.1,81.6,78.5,2,35,medium
S001,TechEquip Pvt Ltd,Dark Fiber,2024-01,1.04,75.8,87.8,90.5,4,31,medium
S001,TechEquip Pvt Ltd,VoIP,2024-01,1.23,69.0,82.3,85.9,3,40,medium
S001,TechEquip Pvt Ltd,4G/5G Backhaul,2024-02,1.13,71.5,85.0,89.2,3,9,medium
S001,TechEquip Pvt Ltd,Dark Fiber,2024-02,1.24,72.8,74.5,91.8,5,15,medium
S001,TechEquip Pvt Ltd,VoIP,2024-02,1.14,74.6,83.5,90.1,3,50,medium
S001,TechEquip Pvt Ltd,4G/5G Backhaul,2024-03,1.21,80.1,78.3,79.2,2,28,medium
S001,TechEquip Pvt Ltd,Dark Fiber,2024-03,1.11,84.2,77.5,82.2,1,28,medium
S001,TechEquip Pvt Ltd,VoIP,2024-03,1.2,81.2,88.6,84.2,1,35,medium
S001,TechEquip Pvt Ltd,4G/5G Backhaul,2024-04,1.23,70.6,79.4,84.8,5,24,medium
S001,TechEquip Pvt Ltd,Dark Fiber,2024-04,1.19,70.4,87.9,89.5,5,48,medium
S001,TechEquip Pvt Ltd,VoIP,2024-04,1.25,71.5,74.6,83.4,5,12,medium
S001,TechEquip Pvt Ltd,4G/5G Backhaul,2024-05,1.0,83.8,85.0,86.3,1,26,medium
S001,TechEquip Pvt Ltd,Dark Fiber,2024-05,1.12,68.8,82.3,87.2,3,6,medium
S001,TechEquip Pvt Ltd,VoIP,2024-05,1.14,73.3,88.3,82.5,2,23,medium
S001,TechEquip Pvt Ltd,4G/5G Backhaul,2024-06,1.07,73.4,81.1,79.6,2,15,medium
S001,TechEquip Pvt Ltd,Dark Fiber,2024-06,1.07,68.3,84.0,85.2,2,39,medium
S001,TechEquip Pvt Ltd,VoIP,2024-06,1.09,73.4,76.3,87.9,3,41,medium
S001,TechEquip Pvt Ltd,4G/5G Backhaul,2024-07,1.06,69.2,83.8,82.7,4,8,medium
S001,TechEquip Pvt Ltd,Dark Fiber,2024-07,1.03,76.0,84.8,79.5,1,10,medium
S001,TechEquip Pvt Ltd,VoIP,2024-07,1.11,71.0,83.5,86.3,4,44,medium
S001,TechEquip Pvt Ltd,4G/5G Backhaul,2024-08,1.09,73.6,77.2,88.6,5,10,medium
S001,TechEquip Pvt Ltd,Dark Fiber,2024-08,1.24,80.8,81.5,79.8,4,11,medium
S001,TechEquip Pvt Ltd,VoIP,2024-08,1.11,79.6,85.4,84.5,2,19,medium
S001,TechEquip Pvt Ltd,4G/5G Backhaul,2024-09,1.04,83.2,78.1,83.1,2,49,medium
S001,TechEquip Pvt Ltd,Dark Fiber,2024-09,1.23,73.6,87.8,82.5,4,6,medium
S001,TechEquip Pvt Ltd,VoIP,2024-09,1.02,69.9,81.7,89.8,3,27,medium
S001,TechEquip Pvt Ltd,4G/5G Backhaul,2024-10,1.15,70.2,75.6,89.4,1,25,medium
S001,TechEquip Pvt Ltd,Dark Fiber,2024-10,1.14,69.2,78.8,84.5,5,31,medium
S001,TechEquip Pvt Ltd,VoIP,2024-10,1.06,72.1,76.5,84.8,1,26,medium
S001,TechEquip Pvt Ltd,4G/5G Backhaul,2024-11,1.05,79.8,80.9,91.7,5,26,medium
S001,TechEquip Pvt Ltd,Dark Fiber,2024-11,1.14,72.0,84.6,79.1,5,36,medium
S001,TechEquip Pvt Ltd,VoIP,2024-11,1.03,78.1,79.2,79.4,4,16,medium
S001,TechEquip Pvt Ltd,4G/5G Backhaul,2024-12,1.08,74.9,83.6,87.6,5,29,medium
S001,TechEquip Pvt Ltd,Dark Fiber,2024-12,1.08,79.0,75.0,81.0,2,42,medium
S001,TechEquip Pvt Ltd,VoIP,2024-12,1.23,78.8,74.0,80.1,2,33,medium
S002,GlobalParts Supply,SD-WAN,2024-01,0.9,97.3,93.0,98.4,2,24,high
S002,GlobalParts Supply,VoIP,2024-01,1.08,98.1,97.2,99.3,0,42,high
S002,GlobalParts Supply,Dedicated Internet Access,2024-01,0.85,98.8,94.0,93.0,1,8,high
S002,GlobalParts Supply,IoT Connectivity,2024-01,0.94,92.7,90.5,97.6,1,12,high
S002,GlobalParts Supply,4G/5G Backhaul,2024-01,1.07,97.1,92.4,97.6,1,45,high
S002,GlobalParts Supply,SD-WAN,2024-02,0.93,90.4,93.8,96.4,2,16,high
S002,GlobalParts Supply,VoIP,2024-02,0.97,87.6,93.8,99.4,1,14,high
S002,GlobalParts Supply,Dedicated Internet Access,2024-02,0.92,97.2,91.3,92.1,2,6,high
S002,GlobalParts Supply,IoT Connectivity,2024-02,0.89,97.4,96.6,99.8,0,10,high
S002,GlobalParts Supply,4G/5G Backhaul,2024-02,0.88,96.3,98.6,99.1,2,43,high
S002,GlobalParts Supply,SD-WAN,2024-03,1.08,93.7,94.5,95.4,1,29,high
S002,GlobalParts Supply,VoIP,2024-03,0.94,87.6,96.0,96.6,2,20,high
S002,GlobalParts Supply,Dedicated Internet Access,2024-03,1.03,88.8,99.3,96.6,0,7,high
S002,GlobalParts Supply,IoT Connectivity,2024-03,0.99,94.9,91.1,95.9,2,10,high
S002,GlobalParts Supply,4G/5G Backhaul,2024-03,0.89,95.2,99.8,99.9,1,34,high
S002,GlobalParts Supply,SD-WAN,2024-04,0.98,92.3,96.1,94.0,2,47,high
S002,GlobalParts Supply,VoIP,2024-04,1.09,86.1,96.3,98.4,1,44,high
S002,GlobalParts Supply,Dedicated Internet Access,2024-04,0.86,89.8,97.8,95.8,2,35,high
S002,GlobalParts Supply,IoT Connectivity,2024-04,0.99,89.6,93.5,99.8,1,23,high
S002,GlobalParts Supply,4G/5G Backhaul,2024-04,0.89,94.7,96.0,94.4,2,21,high
S002,GlobalParts Supply,SD-WAN,2024-05,0.87,91.6,91.7,92.4,1,44,high
S002,GlobalParts Supply,VoIP,2024-05,0.86,91.8,91.3,92.6,1,21,high
S002,GlobalParts Supply,Dedicated Internet Access,2024-05,0.88,88.9,98.6,92.1,0,43,high
S002,GlobalParts Supply,IoT Connectivity,2024-05,0.89,93.3,91.5,95.6,0,21,high
S002,GlobalParts Supply,4G/5G Backhaul,2024-05,1.05,88.3,91.8,96.2,0,26,high
S002,GlobalParts Supply,SD-WAN,2024-06,1.1,98.5,96.0,98.6,1,31,high
S002,GlobalParts Supply,VoIP,2024-06,1.04,88.3,94.4,97.1,0,41,high
S002,GlobalParts Supply,Dedicated Internet Access,2024-06,1.03,89.8,96.4,98.0,0,8,high
S002,GlobalParts Supply,IoT Connectivity,2024-06,0.89,90.6,93.0,98.0,2,19,high
S002,GlobalParts Supply,4G/5G Backhaul,2024-06,0.94,94.9,94.7,93.2,1,5,high
S002,GlobalParts Supply,SD-WAN,2024-07,0.92,96.2,93.8,94.5,2,48,high
S002,GlobalParts Supply,VoIP,2024-07,1.09,86.4,95.3,94.8,1,44,high
S002,GlobalParts Supply,Dedicated Internet Access,2024-07,1.08,97.0,93.3,94.1,0,21,high
S002,GlobalParts Supply,IoT Connectivity,2024-07,1.01,90.5,97.7,98.0,2,48,high
S002,GlobalParts Supply,4G/5G Backhaul,2024-07,1.0,87.7,93.4,97.5,0,25,high
S002,GlobalParts Supply,SD-WAN,2024-08,0.99,94.4,98.3,92.1,0,38,high
S002,GlobalParts Supply,VoIP,2024-08,0.88,91.2,92.2,94.3,0,7,high
S002,GlobalParts Supply,Dedicated Internet Access,2024-08,0.86,86.3,99.4,97.3,0,43,high
S002,GlobalParts Supply,IoT Connectivity,2024-08,1.01,94.9,91.2,98.9,0,29,high
S002,GlobalParts Supply,4G/5G Backhaul,2024-08,1.01,97.6,95.7,99.7,0,49,high
S002,GlobalParts Supply,SD-WAN,2024-09,0.9,89.1,96.6,92.6,1,22,high
S002,GlobalParts Supply,VoIP,2024-09,1.04,94.7,96.7,98.2,1,15,high
S002,GlobalParts Supply,Dedicated Internet Access,2024-09,1.05,88.9,90.6,95.1,0,21,high
S002,GlobalParts Supply,IoT Connectivity,2024-09,1.09,88.7,94.4,95.9,0,44,high
S002,GlobalParts Supply,4G/5G Backhaul,2024-09,0.95,94.0,91.1,96.3,1,18,high
S002,GlobalParts Supply,SD-WAN,2024-10,1.0,86.5,94.4,94.1,0,9,high
S002,GlobalParts Supply,VoIP,2024-10,0.87,95.2,97.8,92.2,1,14,high
S002,GlobalParts Supply,Dedicated Internet Access,2024-10,1.01,85.0,90.4,95.1,0,49,high
S002,GlobalParts Supply,IoT Connectivity,2024-10,0.93,90.5,90.0,97.7,1,35,high
S002,GlobalParts Supply,4G/5G Backhaul,2024-10,0.96,96.8,97.8,98.3,2,19,high
S002,GlobalParts Supply,SD-WAN,2024-11,0.85,98.4,98.2,95.9,2,39,high
S002,GlobalParts Supply,VoIP,2024-11,1.08,90.0,96.8,95.2,2,46,high
S002,GlobalParts Supply,Dedicated Internet Access,2024-11,0.87,92.5,99.6,92.6,1,23,high
S002,GlobalParts Supply,IoT Connectivity,2024-11,1.01,87.5,90.4,95.1,0,24,high
S002,GlobalParts Supply,4G/5G Backhaul,2024-11,1.02,97.6,96.3,94.9,0,45,high
S002,GlobalParts Supply,SD-WAN,2024-12,0.96,87.7,90.4,92.2,2,20,high
S002,GlobalParts Supply,VoIP,2024-12,0.97,85.9,95.4,94.5,2,33,high
S002,GlobalParts Supply,Dedicated Internet Access,2024-12,1.09,85.2,93.4,94.7,2,7,high
S002,GlobalParts Supply,IoT Connectivity,2024-12,0.95,88.0,96.5,96.2,2,39,high
S002,GlobalParts Supply,4G/5G Backhaul,2024-12,0.89,93.1,99.2,92.3,0,36,high
S003,NetGear Wholesale,Fiber Broadband,2024-01,1.44,45.3,65.2,75.8,4,34,low
S003,NetGear Wholesale,IoT Connectivity,2024-01,1.43,64.2,51.5,73.8,4,36,low
S003,NetGear Wholesale,SD-WAN,2024-01,1.42,59.2,51.5,59.7,8,48,low
S003,NetGear Wholesale,Dedicated Internet Access,2024-01,1.33,47.8,66.4,67.6,8,18,low
S003,NetGear Wholesale,Leased Line,2024-01,1.49,58.6,58.1,57.8,5,31,low
S003,NetGear Wholesale,Fiber Broadband,2024-02,1.23,53.5,54.0,60.6,12,7,low
S003,NetGear Wholesale,IoT Connectivity,2024-02,1.21,63.2,65.2,63.7,5,6,low
S003,NetGear Wholesale,SD-WAN,2024-02,1.55,46.9,50.2,76.3,12,23,low
S003,NetGear Wholesale,Dedicated Internet Access,2024-02,1.34,63.6,68.5,70.9,6,14,low
S003,NetGear Wholesale,Leased Line,2024-02,1.44,57.0,59.9,76.6,12,49,low
S003,NetGear Wholesale,Fiber Broadband,2024-03,1.17,49.1,62.0,76.9,7,27,low
S003,NetGear Wholesale,IoT Connectivity,2024-03,1.34,57.8,54.6,77.7,4,44,low
S003,NetGear Wholesale,SD-WAN,2024-03,1.31,62.5,63.0,60.0,6,22,low
S003,NetGear Wholesale,Dedicated Internet Access,2024-03,1.17,47.6,53.6,74.4,10,36,low
S003,NetGear Wholesale,Leased Line,2024-03,1.23,60.4,51.0,69.8,7,18,low
S003,NetGear Wholesale,Fiber Broadband,2024-04,1.35,52.7,69.3,72.4,3,11,low
S003,NetGear Wholesale,IoT Connectivity,2024-04,1.48,66.3,54.2,73.1,10,37,low
S003,NetGear Wholesale,SD-WAN,2024-04,1.2,65.6,67.3,68.6,8,31,low
S003,NetGear Wholesale,Dedicated Internet Access,2024-04,1.24,60.6,57.8,72.9,8,19,low
S003,NetGear Wholesale,Leased Line,2024-04,1.19,62.0,70.9,63.6,6,9,low
S003,NetGear Wholesale,Fiber Broadband,2024-05,1.36,56.1,71.4,58.3,12,34,low
S003,NetGear Wholesale,IoT Connectivity,2024-05,1.23,53.6,61.0,59.5,8,22,low
S003,NetGear Wholesale,SD-WAN,2024-05,1.24,47.9,66.6,56.4,5,12,low
S003,NetGear Wholesale,Dedicated Internet Access,2024-05,1.53,55.5,54.1,62.9,7,43,low
S003,NetGear Wholesale,Leased Line,2024-05,1.22,63.3,72.9,75.8,12,40,low
S003,NetGear Wholesale,Fiber Broadband,2024-06,1.53,47.0,70.6,66.3,6,42,low
S003,NetGear Wholesale,IoT Connectivity,2024-06,1.36,55.6,50.3,64.8,6,20,low
S003,NetGear Wholesale,SD-WAN,2024-06,1.3,58.3,71.4,68.6,5,41,low
S003,NetGear Wholesale,Dedicated Internet Access,2024-06,1.55,54.6,51.1,77.8,11,7,low
S003,NetGear Wholesale,Leased Line,2024-06,1.34,54.1,69.4,71.0,4,33,low
S003,NetGear Wholesale,Fiber Broadband,2024-07,1.37,46.9,68.1,70.9,9,18,low
S003,NetGear Wholesale,IoT Connectivity,2024-07,1.21,51.8,65.5,57.1,10,47,low
S003,NetGear Wholesale,SD-WAN,2024-07,1.29,61.2,70.6,72.2,3,34,low
S003,NetGear Wholesale,Dedicated Internet Access,2024-07,1.36,48.2,66.9,59.3,8,45,low
S003,NetGear Wholesale,Leased Line,2024-07,1.36,59.6,70.6,56.6,8,38,low
S003,NetGear Wholesale,Fiber Broadband,2024-08,1.16,54.8,56.5,76.8,11,41,low
S003,NetGear Wholesale,IoT Connectivity,2024-08,1.51,63.1,51.9,75.3,3,37,low
S003,NetGear Wholesale,SD-WAN,2024-08,1.58,60.5,71.3,57.6,8,34,low
S003,NetGear Wholesale,Dedicated Internet Access,2024-08,1.43,53.4,54.2,67.9,4,40,low
S003,NetGear Wholesale,Leased Line,2024-08,1.47,49.7,73.6,60.5,4,46,low
S003,NetGear Wholesale,Fiber Broadband,2024-09,1.37,66.6,63.9,77.1,6,19,low
S003,NetGear Wholesale,IoT Connectivity,2024-09,1.29,65.7,62.1,64.7,3,9,low
S003,NetGear Wholesale,SD-WAN,2024-09,1.32,55.4,62.0,74.1,10,50,low
S003,NetGear Wholesale,Dedicated Internet Access,2024-09,1.39,64.0,71.6,65.4,8,48,low
S003,NetGear Wholesale,Leased Line,2024-09,1.58,63.6,72.6,56.5,10,10,low
S003,NetGear Wholesale,Fiber Broadband,2024-10,1.19,65.7,56.9,77.0,4,15,low
S003,NetGear Wholesale,IoT Connectivity,2024-10,1.27,61.0,61.9,75.1,11,45,low
S003,NetGear Wholesale,SD-WAN,2024-10,1.16,54.6,66.4,76.4,10,27,low
S003,NetGear Wholesale,Dedicated Internet Access,2024-10,1.34,62.0,50.5,59.3,3,19,low
S003,NetGear Wholesale,Leased Line,2024-10,1.53,57.0,58.1,68.3,8,36,low
S003,NetGear Wholesale,Fiber Broadband,2024-11,1.42,61.0,70.2,65.2,7,41,low
S003,NetGear Wholesale,IoT Connectivity,2024-11,1.21,63.2,54.1,61.0,10,28,low
S003,NetGear Wholesale,SD-WAN,2024-11,1.59,62.7,51.1,63.1,10,15,low
S003,NetGear Wholesale,Dedicated Internet Access,2024-11,1.43,48.7,62.8,59.2,5,50,low
S003,NetGear Wholesale,Leased Line,2024-11,1.46,60.3,53.7,60.5,3,25,low
S003,NetGear Wholesale,Fiber Broadband,2024-12,1.41,55.1,58.9,59.7,3,47,low
S003,NetGear Wholesale,IoT Connectivity,2024-12,1.29,52.9,58.9,67.4,5,39,low
S003,NetGear Wholesale,SD-WAN,2024-12,1.29,66.2,59.7,66.5,5,34,low
S003,NetGear Wholesale,Dedicated Internet Access,2024-12,1.57,48.6,73.3,67.6,11,26,low
S003,NetGear Wholesale,Leased Line,2024-12,1.44,51.8,71.5,77.3,12,47,low
S004,CircuitWorld,IoT Connectivity,2024-01,1.03,97.6,91.4,96.4,1,6,high
S004,CircuitWorld,Dark Fiber,2024-01,0.95,96.8,94.5,92.7,0,43,high
S004,CircuitWorld,Dedicated Internet Access,2024-01,1.01,93.2,92.2,99.5,1,17,high
S004,CircuitWorld,IoT Connectivity,2024-02,0.86,92.5,94.5,97.4,0,37,high
S004,CircuitWorld,Dark Fiber,2024-02,0.95,91.9,96.0,96.1,0,47,high
S004,CircuitWorld,Dedicated Internet Access,2024-02,0.94,87.1,98.5,95.0,1,5,high
S004,CircuitWorld,IoT Connectivity,2024-03,0.92,89.9,99.8,99.0,0,18,high
S004,CircuitWorld,Dark Fiber,2024-03,1.03,91.2,99.9,98.4,1,15,high
S004,CircuitWorld,Dedicated Internet Access,2024-03,1.05,98.6,94.2,99.2,0,42,high
S004,CircuitWorld,IoT Connectivity,2024-04,1.0,87.0,93.0,99.9,2,26,high
S004,CircuitWorld,Dark Fiber,2024-04,0.87,98.4,97.6,92.7,1,45,high
S004,CircuitWorld,Dedicated Internet Access,2024-04,1.08,90.8,95.6,97.7,0,17,high
S004,CircuitWorld,IoT Connectivity,2024-05,0.9,90.3,95.5,92.3,1,42,high
S004,CircuitWorld,Dark Fiber,2024-05,0.93,92.8,94.6,92.2,0,14,high
S004,CircuitWorld,Dedicated Internet Access,2024-05,0.92,98.4,98.3,95.8,2,47,high
S004,CircuitWorld,IoT Connectivity,2024-06,1.07,90.8,94.9,97.5,0,6,high
S004,CircuitWorld,Dark Fiber,2024-06,0.88,88.9,99.9,92.5,2,28,high
S004,CircuitWorld,Dedicated Internet Access,2024-06,1.0,92.9,98.7,97.0,1,49,high
S004,CircuitWorld,IoT Connectivity,2024-07,1.05,90.2,97.3,92.1,1,15,high
S004,CircuitWorld,Dark Fiber,2024-07,1.0,87.0,94.6,97.5,1,15,high
S004,CircuitWorld,Dedicated Internet Access,2024-07,0.86,90.1,96.4,99.6,0,23,high
S004,CircuitWorld,IoT Connectivity,2024-08,0.92,93.9,90.8,93.6,2,16,high
S004,CircuitWorld,Dark Fiber,2024-08,1.04,93.4,91.7,94.6,1,48,high
S004,CircuitWorld,Dedicated Internet Access,2024-08,1.05,88.8,97.0,94.9,2,42,high
S004,CircuitWorld,IoT Connectivity,2024-09,0.94,87.0,91.4,94.3,1,31,high
S004,CircuitWorld,Dark Fiber,2024-09,0.94,97.8,91.0,93.2,0,17,high
S004,CircuitWorld,Dedicated Internet Access,2024-09,1.05,92.8,96.9,99.6,2,50,high
S004,CircuitWorld,IoT Connectivity,2024-10,0.99,95.6,91.1,95.7,0,12,high
S004,CircuitWorld,Dark Fiber,2024-10,1.05,97.9,94.8,94.5,1,13,high
S004,CircuitWorld,Dedicated Internet Access,2024-10,1.05,97.5,96.0,98.1,1,16,high
S004,CircuitWorld,IoT Connectivity,2024-11,1.03,85.4,98.1,93.8,2,14,high
S004,CircuitWorld,Dark Fiber,2024-11,1.02,89.3,92.1,99.8,1,49,high
S004,CircuitWorld,Dedicated Internet Access,2024-11,1.04,86.6,90.2,95.9,1,7,high
S004,CircuitWorld,IoT Connectivity,2024-12,0.9,85.5,96.6,96.7,1,12,high
S004,CircuitWorld,Dark Fiber,2024-12,1.08,85.6,93.0,92.1,0,12,high
S004,CircuitWorld,Dedicated Internet Access,2024-12,1.08,87.9,99.0,93.5,1,6,high
S005,FiberCore Supplies,MPLS,2024-01,1.09,82.5,86.5,86.6,5,41,medium
S005,FiberCore Supplies,SD-WAN,2024-01,1.02,81.9,86.2,85.4,2,23,medium
S005,FiberCore Supplies,IoT Connectivity,2024-01,1.04,80.8,74.1,88.2,2,37,medium
S005,FiberCore Supplies,MPLS,2024-02,1.21,76.1,85.2,80.6,1,16,medium
S005,FiberCore Supplies,SD-WAN,2024-02,1.21,84.7,80.8,85.2,4,12,medium
S005,FiberCore Supplies,IoT Connectivity,2024-02,1.19,73.3,81.5,85.3,4,28,medium
S005,FiberCore Supplies,MPLS,2024-03,1.18,77.5,74.6,82.6,1,29,medium
S005,FiberCore Supplies,SD-WAN,2024-03,1.07,78.2,79.0,91.7,4,19,medium
S005,FiberCore Supplies,IoT Connectivity,2024-03,1.14,72.9,87.7,80.6,1,35,medium
S005,FiberCore Supplies,MPLS,2024-04,1.23,74.2,74.2,87.4,1,30,medium
S005,FiberCore Supplies,SD-WAN,2024-04,1.11,79.2,75.4,80.0,4,49,medium
S005,FiberCore Supplies,IoT Connectivity,2024-04,1.15,69.7,88.8,91.7,1,28,medium
S005,FiberCore Supplies,MPLS,2024-05,1.24,73.8,83.5,91.9,1,19,medium
S005,FiberCore Supplies,SD-WAN,2024-05,1.21,80.3,78.5,88.0,5,42,medium
S005,FiberCore Supplies,IoT Connectivity,2024-05,1.07,81.4,84.3,83.6,4,47,medium
S005,FiberCore Supplies,MPLS,2024-06,1.15,74.9,81.8,81.9,4,11,medium
S005,FiberCore Supplies,SD-WAN,2024-06,1.03,76.3,77.7,91.2,1,11,medium
S005,FiberCore Supplies,IoT Connectivity,2024-06,1.18,82.1,82.0,78.4,2,29,medium
S005,FiberCore Supplies,MPLS,2024-07,1.15,73.6,78.8,86.7,1,47,medium
S005,FiberCore Supplies,SD-WAN,2024-07,1.19,81.0,86.7,80.8,4,36,medium
S005,FiberCore Supplies,IoT Connectivity,2024-07,1.13,77.2,87.0,85.6,1,7,medium
S005,FiberCore Supplies,MPLS,2024-08,1.25,83.0,75.9,84.3,4,33,medium
S005,FiberCore Supplies,SD-WAN,2024-08,1.11,68.6,82.9,90.0,3,50,medium
S005,FiberCore Supplies,IoT Connectivity,2024-08,1.04,75.3,79.0,83.4,1,41,medium
S005,FiberCore Supplies,MPLS,2024-09,1.17,79.2,85.0,86.0,4,40,medium
S005,FiberCore Supplies,SD-WAN,2024-09,1.21,76.6,80.3,84.9,4,44,medium
S005,FiberCore Supplies,IoT Connectivity,2024-09,1.17,81.0,78.6,78.9,5,7,medium
S005,FiberCore Supplies,MPLS,2024-10,1.03,74.2,87.0,86.2,3,29,medium
S005,FiberCore Supplies,SD-WAN,2024-10,1.02,73.9,79.7,82.9,2,20,medium
S005,FiberCore Supplies,IoT Connectivity,2024-10,1.06,73.3,75.4,87.6,3,12,medium
S005,FiberCore Supplies,MPLS,2024-11,1.08,68.3,79.2,84.5,4,41,medium
S005,FiberCore Supplies,SD-WAN,2024-11,1.13,75.2,74.3,84.6,1,25,medium
S005,FiberCore Supplies,IoT Connectivity,2024-11,1.09,74.6,83.2,89.3,1,49,medium
S005,FiberCore Supplies,MPLS,2024-12,1.17,73.7,82.0,88.7,3,15,medium
S005,FiberCore Supplies,SD-WAN,2024-12,1.15,74.2,81.0,85.0,1,39,medium
S005,FiberCore Supplies,IoT Connectivity,2024-12,1.05,72.5,78.8,86.0,2,44,medium
S006,InfraVend Solutions,Leased Line,2024-01,0.99,92.4,94.3,94.8,0,46,high
S006,InfraVend Solutions,Dedicated Internet Access,2024-01,1.06,92.1,93.0,97.3,1,17,high
S006,InfraVend Solutions,SD-WAN,2024-01,0.95,88.5,95.2,97.4,2,16,high
S006,InfraVend Solutions,MPLS,2024-01,1.07,93.8,95.2,93.5,1,18,high
S006,InfraVend Solutions,Dark Fiber,2024-01,1.02,96.5,99.4,94.1,2,39,high
S006,InfraVend Solutions,Leased Line,2024-02,1.05,96.9,99.1,99.5,2,45,high
S006,InfraVend Solutions,Dedicated Internet Access,2024-02,0.86,87.8,94.6,93.9,2,48,high
S006,InfraVend Solutions,SD-WAN,2024-02,1.04,96.8,94.1,98.9,0,45,high
S006,InfraVend Solutions,MPLS,2024-02,0.9,90.8,98.2,97.2,1,48,high
S006,InfraVend Solutions,Dark Fiber,2024-02,1.0,90.7,91.1,93.5,0,24,high
S006,InfraVend Solutions,Leased Line,2024-03,0.97,92.8,94.4,97.2,0,17,high
S006,InfraVend Solutions,Dedicated Internet Access,2024-03,0.89,86.9,92.6,98.4,2,40,high
S006,InfraVend Solutions,SD-WAN,2024-03,0.89,96.9,99.6,95.9,0,8,high
S006,InfraVend Solutions,MPLS,2024-03,1.06,86.2,96.0,98.9,1,28,high
S006,InfraVend Solutions,Dark Fiber,2024-03,1.02,97.4,94.0,98.7,0,20,high
S006,InfraVend Solutions,Leased Line,2024-04,0.88,95.3,99.3,96.2,2,38,high
S006,InfraVend Solutions,Dedicated Internet Access,2024-04,0.91,97.4,92.4,93.0,1,26,high
S006,InfraVend Solutions,SD-WAN,2024-04,1.06,95.3,98.1,98.0,1,18,high
S006,InfraVend Solutions,MPLS,2024-04,0.89,87.5,99.7,95.5,1,42,high
S006,InfraVend Solutions,Dark Fiber,2024-04,0.86,92.5,97.0,92.9,2,32,high
S006,InfraVend Solutions,Leased Line,2024-05,0.97,88.4,92.8,98.3,0,28,high
S006,InfraVend Solutions,Dedicated Internet Access,2024-05,0.97,90.1,93.1,97.2,2,7,high
S006,InfraVend Solutions,SD-WAN,2024-05,1.06,94.3,99.4,97.5,2,20,high
S006,InfraVend Solutions,MPLS,2024-05,0.91,90.4,96.4,97.6,2,12,high
S006,InfraVend Solutions,Dark Fiber,2024-05,0.98,88.3,94.4,92.1,1,21,high
S006,InfraVend Solutions,Leased Line,2024-06,0.93,98.1,97.6,94.4,0,33,high
S006,InfraVend Solutions,Dedicated Internet Access,2024-06,1.01,97.3,97.7,95.3,0,22,high
S006,InfraVend Solutions,SD-WAN,2024-06,1.07,96.5,99.4,95.8,1,26,high
S006,InfraVend Solutions,MPLS,2024-06,1.03,97.3,98.2,98.6,2,21,high
S006,InfraVend Solutions,Dark Fiber,2024-06,0.98,89.9,96.0,98.5,2,25,high
S006,InfraVend Solutions,Leased Line,2024-07,0.96,85.4,90.5,97.1,2,33,high
S006,InfraVend Solutions,Dedicated Internet Access,2024-07,1.05,86.9,94.0,97.0,1,41,high
S006,InfraVend Solutions,SD-WAN,2024-07,0.87,87.2,95.2,99.8,2,13,high
S006,InfraVend Solutions,MPLS,2024-07,1.06,94.6,97.9,94.6,1,13,high
S006,InfraVend Solutions,Dark Fiber,2024-07,0.92,94.6,98.3,98.4,0,10,high
S006,InfraVend Solutions,Leased Line,2024-08,0.95,87.5,98.8,99.6,2,19,high
S006,InfraVend Solutions,Dedicated Internet Access,2024-08,0.86,85.3,95.6,96.9,0,10,high
S006,InfraVend Solutions,SD-WAN,2024-08,1.09,87.8,97.0,93.4,1,44,high
S006,InfraVend Solutions,MPLS,2024-08,0.96,88.6,90.9,94.9,2,12,high
S006,InfraVend Solutions,Dark Fiber,2024-08,0.85,92.4,97.7,99.4,2,36,high
S006,InfraVend Solutions,Leased Line,2024-09,0.88,95.0,91.9,98.9,1,23,high
S006,InfraVend Solutions,Dedicated Internet Access,2024-09,1.04,90.3,94.3,93.7,0,23,high
S006,InfraVend Solutions,SD-WAN,2024-09,1.03,87.7,91.8,98.3,0,23,high
S006,InfraVend Solutions,MPLS,2024-09,1.09,88.3,94.5,94.0,2,48,high
S006,InfraVend Solutions,Dark Fiber,2024-09,1.01,86.2,94.7,99.0,2,30,high
S006,InfraVend Solutions,Leased Line,2024-10,1.02,95.0,97.1,97.9,1,9,high
S006,InfraVend Solutions,Dedicated Internet Access,2024-10,0.87,85.8,93.3,93.9,1,43,high
S006,InfraVend Solutions,SD-WAN,2024-10,1.08,98.5,96.0,98.0,0,5,high
S006,InfraVend Solutions,MPLS,2024-10,0.91,93.7,93.0,95.2,1,13,high
S006,InfraVend Solutions,Dark Fiber,2024-10,1.09,92.8,95.8,94.1,2,36,high
S006,InfraVend Solutions,Leased Line,2024-11,1.08,97.3,91.3,94.5,2,32,high
S006,InfraVend Solutions,Dedicated Internet Access,2024-11,0.89,86.6,90.4,93.0,1,28,high
S006,InfraVend Solutions,SD-WAN,2024-11,1.08,89.0,98.8,96.9,1,38,high
S006,InfraVend Solutions,MPLS,2024-11,0.93,97.5,93.2,100.0,0,40,high
S006,InfraVend Solutions,Dark Fiber,2024-11,1.06,94.2,98.0,92.4,0,8,high
S006,InfraVend Solutions,Leased Line,2024-12,0.91,85.5,92.6,97.6,1,12,high
S006,InfraVend Solutions,Dedicated Internet Access,2024-12,1.1,98.0,90.4,94.9,2,40,high
S006,InfraVend Solutions,SD-WAN,2024-12,0.97,91.9,98.5,98.9,0,27,high
S006,InfraVend Solutions,MPLS,2024-12,0.87,97.2,91.8,93.3,2,22,high
S006,InfraVend Solutions,Dark Fiber,2024-12,0.99,94.3,92.1,100.0,0,38,high
S007,PrecisionHardware,MPLS,2024-01,1.19,52.6,56.8,77.6,4,30,low
S007,PrecisionHardware,VoIP,2024-01,1.32,66.4,52.5,62.4,3,10,low
S007,PrecisionHardware,Fiber Broadband,2024-01,1.36,61.3,61.5,69.5,7,43,low
S007,PrecisionHardware,Leased Line,2024-01,1.45,52.6,51.1,69.3,10,25,low
S007,PrecisionHardware,4G/5G Backhaul,2024-01,1.58,68.0,71.8,73.3,5,18,low
S007,PrecisionHardware,MPLS,2024-02,1.54,63.4,56.8,73.4,4,40,low
S007,PrecisionHardware,VoIP,2024-02,1.58,53.8,59.6,59.1,9,10,low
S007,PrecisionHardware,Fiber Broadband,2024-02,1.16,49.8,59.3,64.3,5,12,low
S007,PrecisionHardware,Leased Line,2024-02,1.28,63.4,67.7,76.2,12,13,low
S007,PrecisionHardware,4G/5G Backhaul,2024-02,1.31,47.2,58.8,59.6,10,29,low
S007,PrecisionHardware,MPLS,2024-03,1.36,58.0,60.2,72.4,8,44,low
S007,PrecisionHardware,VoIP,2024-03,1.23,59.5,52.2,66.8,10,48,low
S007,PrecisionHardware,Fiber Broadband,2024-03,1.25,60.8,53.7,66.4,11,10,low
S007,PrecisionHardware,Leased Line,2024-03,1.28,55.1,71.8,66.0,5,13,low
S007,PrecisionHardware,4G/5G Backhaul,2024-03,1.46,51.9,56.0,64.8,12,8,low
S007,PrecisionHardware,MPLS,2024-04,1.4,66.1,62.3,66.7,9,11,low
S007,PrecisionHardware,VoIP,2024-04,1.36,61.6,69.5,63.2,12,10,low
S007,PrecisionHardware,Fiber Broadband,2024-04,1.5,45.4,67.8,65.6,5,30,low
S007,PrecisionHardware,Leased Line,2024-04,1.17,54.6,66.9,62.2,10,47,low
S007,PrecisionHardware,4G/5G Backhaul,2024-04,1.35,63.6,58.2,76.1,5,18,low
S007,PrecisionHardware,MPLS,2024-05,1.23,62.2,64.5,75.0,4,32,low
S007,PrecisionHardware,VoIP,2024-05,1.39,45.1,52.8,58.9,10,34,low
S007,PrecisionHardware,Fiber Broadband,2024-05,1.46,65.0,73.2,68.8,10,24,low
S007,PrecisionHardware,Leased Line,2024-05,1.43,67.4,58.7,70.5,9,24,low
S007,PrecisionHardware,4G/5G Backhaul,2024-05,1.19,48.1,54.6,73.8,6,6,low
S007,PrecisionHardware,MPLS,2024-06,1.24,59.9,65.6,65.0,11,17,low
S007,PrecisionHardware,VoIP,2024-06,1.19,62.7,53.6,64.7,4,15,low
S007,PrecisionHardware,Fiber Broadband,2024-06,1.56,62.0,60.7,66.2,3,33,low
S007,PrecisionHardware,Leased Line,2024-06,1.41,49.6,63.7,74.2,3,26,low
S007,PrecisionHardware,4G/5G Backhaul,2024-06,1.15,59.5,67.1,77.5,10,42,low
S007,PrecisionHardware,MPLS,2024-07,1.42,57.7,57.0,66.2,10,37,low
S007,PrecisionHardware,VoIP,2024-07,1.42,59.1,66.3,73.8,10,19,low
S007,PrecisionHardware,Fiber Broadband,2024-07,1.47,57.2,60.1,62.3,4,22,low
S007,PrecisionHardware,Leased Line,2024-07,1.55,54.6,61.4,66.4,8,33,low
S007,PrecisionHardware,4G/5G Backhaul,2024-07,1.46,45.5,56.9,59.4,8,33,low
S007,PrecisionHardware,MPLS,2024-08,1.25,50.1,71.8,62.8,12,50,low
S007,PrecisionHardware,VoIP,2024-08,1.45,48.0,57.0,71.4,9,48,low
S007,PrecisionHardware,Fiber Broadband,2024-08,1.44,53.3,61.3,77.3,5,44,low
S007,PrecisionHardware,Leased Line,2024-08,1.24,60.9,52.1,66.1,5,17,low
S007,PrecisionHardware,4G/5G Backhaul,2024-08,1.22,56.3,69.0,76.7,10,24,low
S007,PrecisionHardware,MPLS,2024-09,1.26,57.8,74.0,63.3,7,27,low
S007,PrecisionHardware,VoIP,2024-09,1.45,49.0,70.6,66.6,4,26,low
S007,PrecisionHardware,Fiber Broadband,2024-09,1.34,59.2,52.9,60.2,7,26,low
S007,PrecisionHardware,Leased Line,2024-09,1.5,62.7,68.5,67.8,5,49,low
S007,PrecisionHardware,4G/5G Backhaul,2024-09,1.54,58.9,52.5,56.2,10,34,low
S007,PrecisionHardware,MPLS,2024-10,1.58,62.4,73.4,73.0,12,11,low
S007,PrecisionHardware,VoIP,2024-10,1.52,46.0,52.5,69.5,6,28,low
S007,PrecisionHardware,Fiber Broadband,2024-10,1.22,51.7,60.6,66.6,4,14,low
S007,PrecisionHardware,Leased Line,2024-10,1.44,52.7,53.3,74.5,10,31,low
S007,PrecisionHardware,4G/5G Backhaul,2024-10,1.5,45.2,70.0,65.9,7,37,low
S007,PrecisionHardware,MPLS,2024-11,1.23,51.1,67.2,64.5,6,14,low
S007,PrecisionHardware,VoIP,2024-11,1.49,57.2,68.9,58.2,9,31,low
S007,PrecisionHardware,Fiber Broadband,2024-11,1.56,65.7,72.8,66.9,8,6,low
S007,PrecisionHardware,Leased Line,2024-11,1.35,62.7,67.2,66.9,4,10,low
S007,PrecisionHardware,4G/5G Backhaul,2024-11,1.3,54.2,68.5,65.0,9,7,low
S007,PrecisionHardware,MPLS,2024-12,1.45,59.8,71.7,56.3,11,23,low
S007,PrecisionHardware,VoIP,2024-12,1.34,65.4,66.8,75.1,8,27,low
S007,PrecisionHardware,Fiber Broadband,2024-12,1.15,51.4,62.7,76.2,9,33,low
S007,PrecisionHardware,Leased Line,2024-12,1.44,65.4,65.0,69.2,10,49,low
S007,PrecisionHardware,4G/5G Backhaul,2024-12,1.31,63.7,65.6,72.8,7,10,low
S008,ConnectParts India,Dedicated Internet Access,2024-01,1.47,65.2,62.5,67.4,6,10,low
S008,ConnectParts India,Dark Fiber,2024-01,1.38,52.2,58.2,69.6,3,6,low
S008,ConnectParts India,4G/5G Backhaul,2024-01,1.55,57.4,56.2,74.1,7,32,low
S008,ConnectParts India,Dedicated Internet Access,2024-02,1.59,47.5,51.4,63.6,11,27,low
S008,ConnectParts India,Dark Fiber,2024-02,1.21,62.4,72.6,65.3,12,5,low
S008,ConnectParts India,4G/5G Backhaul,2024-02,1.35,67.6,69.3,77.7,12,50,low
S008,ConnectParts India,Dedicated Internet Access,2024-03,1.55,59.4,62.8,68.7,8,24,low
S008,ConnectParts India,Dark Fiber,2024-03,1.28,63.1,67.2,70.5,9,38,low
S008,ConnectParts India,4G/5G Backhaul,2024-03,1.48,47.4,62.4,59.4,8,34,low
S008,ConnectParts India,Dedicated Internet Access,2024-04,1.19,61.4,69.9,56.9,3,32,low
S008,ConnectParts India,Dark Fiber,2024-04,1.55,56.0,60.7,63.5,11,30,low
S008,ConnectParts India,4G/5G Backhaul,2024-04,1.41,56.9,59.5,61.1,10,45,low
S008,ConnectParts India,Dedicated Internet Access,2024-05,1.34,55.1,72.3,66.3,9,15,low
S008,ConnectParts India,Dark Fiber,2024-05,1.21,47.9,67.1,58.0,11,38,low
S008,ConnectParts India,4G/5G Backhaul,2024-05,1.2,49.9,61.4,72.2,11,28,low
S008,ConnectParts India,Dedicated Internet Access,2024-06,1.56,47.7,70.5,57.5,8,41,low
S008,ConnectParts India,Dark Fiber,2024-06,1.28,57.0,52.8,62.0,8,24,low
S008,ConnectParts India,4G/5G Backhaul,2024-06,1.28,45.6,53.4,73.0,9,8,low
S008,ConnectParts India,Dedicated Internet Access,2024-07,1.57,52.0,56.8,59.2,10,5,low
S008,ConnectParts India,Dark Fiber,2024-07,1.21,53.0,70.9,64.6,12,24,low
S008,ConnectParts India,4G/5G Backhaul,2024-07,1.4,65.7,68.8,65.9,12,13,low
S008,ConnectParts India,Dedicated Internet Access,2024-08,1.49,56.6,61.1,65.3,10,14,low
S008,ConnectParts India,Dark Fiber,2024-08,1.54,52.5,69.2,70.3,9,29,low
S008,ConnectParts India,4G/5G Backhaul,2024-08,1.25,54.1,63.0,77.0,10,22,low
S008,ConnectParts India,Dedicated Internet Access,2024-09,1.44,64.9,67.0,68.2,7,40,low
S008,ConnectParts India,Dark Fiber,2024-09,1.44,59.8,52.0,77.0,11,41,low
S008,ConnectParts India,4G/5G Backhaul,2024-09,1.49,67.0,62.5,72.3,11,6,low
S008,ConnectParts India,Dedicated Internet Access,2024-10,1.2,66.5,54.3,55.4,6,20,low
S008,ConnectParts India,Dark Fiber,2024-10,1.52,64.3,63.9,56.9,11,43,low
S008,ConnectParts India,4G/5G Backhaul,2024-10,1.29,58.5,61.8,76.5,8,32,low
S008,ConnectParts India,Dedicated Internet Access,2024-11,1.23,45.6,62.7,63.8,4,12,low
S008,ConnectParts India,Dark Fiber,2024-11,1.59,57.5,56.8,59.2,4,14,low
S008,ConnectParts India,4G/5G Backhaul,2024-11,1.29,54.4,54.1,69.1,8,16,low
S008,ConnectParts India,Dedicated Internet Access,2024-12,1.16,46.3,59.4,62.4,9,25,low
S008,ConnectParts India,Dark Fiber,2024-12,1.27,66.7,71.6,56.2,6,43,low
S008,ConnectParts India,4G/5G Backhaul,2024-12,1.41,56.3,68.1,63.9,4,22,low
S009,SwiftVend Tech,Dark Fiber,2024-01,1.02,68.5,84.1,90.8,1,22,medium
S009,SwiftVend Tech,IoT Connectivity,2024-01,1.14,78.0,75.6,88.7,2,24,medium
S009,SwiftVend Tech,SD-WAN,2024-01,1.14,75.6,87.5,85.0,2,28,medium
S009,SwiftVend Tech,Dark Fiber,2024-02,1.14,70.9,77.9,91.3,5,33,medium
S009,SwiftVend Tech,IoT Connectivity,2024-02,1.01,81.8,89.4,86.7,2,5,medium
S009,SwiftVend Tech,SD-WAN,2024-02,1.02,83.7,78.4,81.5,4,27,medium
S009,SwiftVend Tech,Dark Fiber,2024-03,1.21,71.6,87.5,81.9,2,39,medium
S009,SwiftVend Tech,IoT Connectivity,2024-03,1.14,73.1,80.3,79.7,2,40,medium
S009,SwiftVend Tech,SD-WAN,2024-03,1.25,82.9,77.4,85.1,3,48,medium
S009,SwiftVend Tech,Dark Fiber,2024-04,1.24,78.8,89.7,87.9,3,20,medium
S009,SwiftVend Tech,IoT Connectivity,2024-04,1.17,73.5,77.4,91.4,3,6,medium
S009,SwiftVend Tech,SD-WAN,2024-04,1.23,70.3,88.8,86.5,1,5,medium
S009,SwiftVend Tech,Dark Fiber,2024-05,1.17,75.0,88.3,87.8,4,39,medium
S009,SwiftVend Tech,IoT Connectivity,2024-05,1.02,82.9,84.4,85.5,4,48,medium
S009,SwiftVend Tech,SD-WAN,2024-05,1.03,84.5,80.0,86.4,4,16,medium
S009,SwiftVend Tech,Dark Fiber,2024-06,1.21,81.8,89.7,79.7,3,17,medium
S009,SwiftVend Tech,IoT Connectivity,2024-06,1.11,71.8,74.3,81.9,3,17,medium
S009,SwiftVend Tech,SD-WAN,2024-06,1.02,78.4,78.9,88.0,2,36,medium
S009,SwiftVend Tech,Dark Fiber,2024-07,1.24,68.6,81.9,87.9,5,18,medium
S009,SwiftVend Tech,IoT Connectivity,2024-07,1.0,84.7,84.2,79.6,3,41,medium
S009,SwiftVend Tech,SD-WAN,2024-07,1.13,70.9,77.1,88.3,5,41,medium
S009,SwiftVend Tech,Dark Fiber,2024-08,1.04,78.0,85.9,79.8,5,19,medium
S009,SwiftVend Tech,IoT Connectivity,2024-08,1.22,80.4,78.4,89.9,1,49,medium
S009,SwiftVend Tech,SD-WAN,2024-08,1.17,78.4,84.9,90.4,1,32,medium
S009,SwiftVend Tech,Dark Fiber,2024-09,1.16,84.0,74.8,91.1,4,31,medium
S009,SwiftVend Tech,IoT Connectivity,2024-09,1.07,79.6,81.5,83.1,1,19,medium
S009,SwiftVend Tech,SD-WAN,2024-09,1.01,83.6,82.5,82.4,4,17,medium
S009,SwiftVend Tech,Dark Fiber,2024-10,1.08,83.0,86.9,91.9,2,49,medium
S009,SwiftVend Tech,IoT Connectivity,2024-10,1.11,69.3,78.0,80.3,3,9,medium
S009,SwiftVend Tech,SD-WAN,2024-10,1.16,69.6,81.7,89.3,5,45,medium
S009,SwiftVend Tech,Dark Fiber,2024-11,1.23,82.3,78.0,84.6,3,8,medium
S009,SwiftVend Tech,IoT Connectivity,2024-11,1.21,76.8,77.8,79.0,5,44,medium
S009,SwiftVend Tech,SD-WAN,2024-11,1.11,69.6,81.1,79.7,1,7,medium
S009,SwiftVend Tech,Dark Fiber,2024-12,1.09,83.1,85.1,89.0,1,33,medium
S009,SwiftVend Tech,IoT Connectivity,2024-12,1.01,78.4,80.9,79.4,1,40,medium
S009,SwiftVend Tech,SD-WAN,2024-12,1.01,82.4,80.4,86.6,4,19,medium
S010,AlliedSupplies Co,Fiber Broadband,2024-01,1.43,52.8,72.5,73.0,10,38,low
S010,AlliedSupplies Co,IoT Connectivity,2024-01,1.3,49.4,52.5,68.7,4,42,low
S010,AlliedSupplies Co,4G/5G Backhaul,2024-01,1.51,49.5,63.8,69.7,7,27,low
S010,AlliedSupplies Co,VoIP,2024-01,1.34,61.7,60.7,60.6,3,8,low
S010,AlliedSupplies Co,Dark Fiber,2024-01,1.21,58.4,62.3,70.0,8,24,low
S010,AlliedSupplies Co,Fiber Broadband,2024-02,1.41,57.4,53.5,65.8,12,26,low
S010,AlliedSupplies Co,IoT Connectivity,2024-02,1.28,67.3,62.4,70.1,5,8,low
S010,AlliedSupplies Co,4G/5G Backhaul,2024-02,1.26,63.8,63.4,56.3,8,17,low
S010,AlliedSupplies Co,VoIP,2024-02,1.59,59.7,54.8,56.6,6,47,low
S010,AlliedSupplies Co,Dark Fiber,2024-02,1.36,60.9,61.2,70.9,12,41,low
S010,AlliedSupplies Co,Fiber Broadband,2024-03,1.58,59.2,60.0,58.7,10,7,low
S010,AlliedSupplies Co,IoT Connectivity,2024-03,1.37,66.2,65.3,70.9,10,44,low
S010,AlliedSupplies Co,4G/5G Backhaul,2024-03,1.25,56.1,68.4,73.7,9,18,low
S010,AlliedSupplies Co,VoIP,2024-03,1.33,64.0,50.2,55.2,8,6,low
S010,AlliedSupplies Co,Dark Fiber,2024-03,1.4,48.3,60.6,69.5,8,7,low
S010,AlliedSupplies Co,Fiber Broadband,2024-04,1.59,49.6,56.8,60.0,7,16,low
S010,AlliedSupplies Co,IoT Connectivity,2024-04,1.3,57.8,54.3,55.5,7,11,low
S010,AlliedSupplies Co,4G/5G Backhaul,2024-04,1.16,60.6,59.1,73.1,4,26,low
S010,AlliedSupplies Co,VoIP,2024-04,1.57,52.0,55.8,73.6,5,38,low
S010,AlliedSupplies Co,Dark Fiber,2024-04,1.59,67.9,71.2,75.2,4,12,low
S010,AlliedSupplies Co,Fiber Broadband,2024-05,1.21,66.3,69.1,59.4,9,49,low
S010,AlliedSupplies Co,IoT Connectivity,2024-05,1.32,58.8,73.4,60.6,3,44,low
S010,AlliedSupplies Co,4G/5G Backhaul,2024-05,1.41,64.7,57.1,58.4,6,8,low
S010,AlliedSupplies Co,VoIP,2024-05,1.43,51.4,53.0,66.7,12,36,low
S010,AlliedSupplies Co,Dark Fiber,2024-05,1.24,46.9,61.3,70.3,4,15,low
S010,AlliedSupplies Co,Fiber Broadband,2024-06,1.38,62.3,65.5,66.7,10,38,low
S010,AlliedSupplies Co,IoT Connectivity,2024-06,1.36,52.4,59.0,71.0,10,35,low
S010,AlliedSupplies Co,4G/5G Backhaul,2024-06,1.27,54.2,72.1,68.4,3,18,low
S010,AlliedSupplies Co,VoIP,2024-06,1.25,49.7,70.7,64.1,7,32,low
S010,AlliedSupplies Co,Dark Fiber,2024-06,1.55,58.1,72.5,63.6,11,10,low
S010,AlliedSupplies Co,Fiber Broadband,2024-07,1.21,46.9,60.7,63.1,12,7,low
S010,AlliedSupplies Co,IoT Connectivity,2024-07,1.36,59.3,60.2,65.8,9,28,low
S010,AlliedSupplies Co,4G/5G Backhaul,2024-07,1.51,52.3,59.2,59.1,6,21,low
S010,AlliedSupplies Co,VoIP,2024-07,1.44,53.3,52.0,74.4,11,39,low
S010,AlliedSupplies Co,Dark Fiber,2024-07,1.44,63.1,72.2,57.3,4,28,low
S010,AlliedSupplies Co,Fiber Broadband,2024-08,1.17,49.6,54.7,62.6,7,48,low
S010,AlliedSupplies Co,IoT Connectivity,2024-08,1.53,49.4,64.5,58.2,11,21,low
S010,AlliedSupplies Co,4G/5G Backhaul,2024-08,1.15,51.9,69.7,73.0,9,30,low
S010,AlliedSupplies Co,VoIP,2024-08,1.52,62.4,50.3,70.0,5,30,low
S010,AlliedSupplies Co,Dark Fiber,2024-08,1.25,61.6,55.0,60.4,12,40,low
S010,AlliedSupplies Co,Fiber Broadband,2024-09,1.49,61.6,61.1,73.2,8,17,low
S010,AlliedSupplies Co,IoT Connectivity,2024-09,1.34,66.7,60.0,65.1,11,6,low
S010,AlliedSupplies Co,4G/5G Backhaul,2024-09,1.32,58.3,53.1,76.7,3,36,low
S010,AlliedSupplies Co,VoIP,2024-09,1.51,64.2,58.2,64.6,9,49,low
S010,AlliedSupplies Co,Dark Fiber,2024-09,1.39,52.5,50.6,73.1,5,14,low
S010,AlliedSupplies Co,Fiber Broadband,2024-10,1.59,67.9,63.6,73.4,12,41,low
S010,AlliedSupplies Co,IoT Connectivity,2024-10,1.54,67.5,54.9,64.0,11,29,low
S010,AlliedSupplies Co,4G/5G Backhaul,2024-10,1.23,47.5,63.7,65.4,7,10,low
S010,AlliedSupplies Co,VoIP,2024-10,1.23,60.5,54.3,74.0,12,36,low
S010,AlliedSupplies Co,Dark Fiber,2024-10,1.16,49.6,71.9,63.9,6,19,low
S010,AlliedSupplies Co,Fiber Broadband,2024-11,1.28,57.1,60.9,63.5,3,15,low
S010,AlliedSupplies Co,IoT Connectivity,2024-11,1.3,65.9,59.4,77.8,5,39,low
S010,AlliedSupplies Co,4G/5G Backhaul,2024-11,1.34,62.1,59.3,75.8,6,13,low
S010,AlliedSupplies Co,VoIP,2024-11,1.54,52.1,69.6,70.3,5,43,low
S010,AlliedSupplies Co,Dark Fiber,2024-11,1.41,52.1,54.9,71.5,10,22,low
S010,AlliedSupplies Co,Fiber Broadband,2024-12,1.24,67.8,60.7,74.0,12,20,low
S010,AlliedSupplies Co,IoT Connectivity,2024-12,1.39,65.9,71.1,65.6,12,7,low
S010,AlliedSupplies Co,4G/5G Backhaul,2024-12,1.48,51.6,71.1,65.5,7,30,low
S010,AlliedSupplies Co,VoIP,2024-12,1.43,63.6,54.2,60.7,12,32,low
S010,AlliedSupplies Co,Dark Fiber,2024-12,1.36,65.9,54.4,68.1,9,49,low
S011,OptiNetwork Parts,4G/5G Backhaul,2024-01,1.39,60.3,51.6,71.7,6,36,low
S011,OptiNetwork Parts,MPLS,2024-01,1.34,62.5,52.9,63.5,4,37,low
S011,OptiNetwork Parts,IoT Connectivity,2024-01,1.49,52.5,60.8,60.8,11,7,low
S011,OptiNetwork Parts,4G/5G Backhaul,2024-02,1.36,46.7,66.7,72.2,9,26,low
S011,OptiNetwork Parts,MPLS,2024-02,1.49,64.7,59.5,55.2,4,50,low
S011,OptiNetwork Parts,IoT Connectivity,2024-02,1.56,52.5,68.0,66.1,4,10,low
S011,OptiNetwork Parts,4G/5G Backhaul,2024-03,1.4,50.6,72.8,58.2,7,15,low
S011,OptiNetwork Parts,MPLS,2024-03,1.23,45.4,52.4,61.8,11,30,low
S011,OptiNetwork Parts,IoT Connectivity,2024-03,1.23,60.4,50.3,61.3,10,27,low
S011,OptiNetwork Parts,4G/5G Backhaul,2024-04,1.23,61.4,71.4,67.2,10,49,low
S011,OptiNetwork Parts,MPLS,2024-04,1.17,59.6,62.5,70.2,4,29,low
S011,OptiNetwork Parts,IoT Connectivity,2024-04,1.46,55.2,64.4,56.1,9,17,low
S011,OptiNetwork Parts,4G/5G Backhaul,2024-05,1.57,53.6,55.7,57.1,9,6,low
S011,OptiNetwork Parts,MPLS,2024-05,1.6,52.8,54.6,70.4,6,11,low
S011,OptiNetwork Parts,IoT Connectivity,2024-05,1.51,64.1,54.0,58.8,9,37,low
S011,OptiNetwork Parts,4G/5G Backhaul,2024-06,1.2,52.5,63.5,59.4,6,39,low
S011,OptiNetwork Parts,MPLS,2024-06,1.33,54.8,55.6,57.4,8,16,low
S011,OptiNetwork Parts,IoT Connectivity,2024-06,1.16,60.0,50.3,59.9,6,9,low
S011,OptiNetwork Parts,4G/5G Backhaul,2024-07,1.45,51.4,65.0,56.0,6,31,low
S011,OptiNetwork Parts,MPLS,2024-07,1.29,58.8,73.6,57.3,11,41,low
S011,OptiNetwork Parts,IoT Connectivity,2024-07,1.23,67.1,64.4,77.6,9,48,low
S011,OptiNetwork Parts,4G/5G Backhaul,2024-08,1.57,62.7,53.2,59.0,8,47,low
S011,OptiNetwork Parts,MPLS,2024-08,1.37,52.7,64.6,68.5,9,37,low
S011,OptiNetwork Parts,IoT Connectivity,2024-08,1.44,50.3,64.1,77.7,6,6,low
S011,OptiNetwork Parts,4G/5G Backhaul,2024-09,1.43,65.6,57.4,72.0,6,44,low
S011,OptiNetwork Parts,MPLS,2024-09,1.19,48.2,62.0,59.6,9,18,low
S011,OptiNetwork Parts,IoT Connectivity,2024-09,1.44,50.5,67.4,77.7,10,26,low
S011,OptiNetwork Parts,4G/5G Backhaul,2024-10,1.21,52.3,68.9,55.9,9,46,low
S011,OptiNetwork Parts,MPLS,2024-10,1.52,62.3,55.5,71.9,8,20,low
S011,OptiNetwork Parts,IoT Connectivity,2024-10,1.24,46.2,72.0,77.7,6,43,low
S011,OptiNetwork Parts,4G/5G Backhaul,2024-11,1.54,57.0,54.4,69.5,4,36,low
S011,OptiNetwork Parts,MPLS,2024-11,1.18,49.4,65.2,58.3,6,13,low
S011,OptiNetwork Parts,IoT Connectivity,2024-11,1.19,58.6,69.9,76.4,6,37,low
S011,OptiNetwork Parts,4G/5G Backhaul,2024-12,1.19,61.7,57.5,71.6,6,32,low
S011,OptiNetwork Parts,MPLS,2024-12,1.23,50.7,56.8,65.3,6,22,low
S011,OptiNetwork Parts,IoT Connectivity,2024-12,1.54,56.1,72.8,63.3,9,15,low
S012,BandwidthEquip,IoT Connectivity,2024-01,1.35,48.6,72.9,66.1,9,32,low
S012,BandwidthEquip,VoIP,2024-01,1.53,62.5,72.1,68.7,5,40,low
S012,BandwidthEquip,SD-WAN,2024-01,1.48,50.9,61.1,65.4,9,40,low
S012,BandwidthEquip,Dedicated Internet Access,2024-01,1.42,46.7,53.3,65.8,5,17,low
S012,BandwidthEquip,IoT Connectivity,2024-02,1.15,64.8,67.5,63.6,9,31,low
S012,BandwidthEquip,VoIP,2024-02,1.57,67.3,59.0,66.3,12,9,low
S012,BandwidthEquip,SD-WAN,2024-02,1.33,45.9,72.1,63.9,12,15,low
S012,BandwidthEquip,Dedicated Internet Access,2024-02,1.24,55.0,56.1,76.0,8,37,low
S012,BandwidthEquip,IoT Connectivity,2024-03,1.47,59.6,58.8,56.3,9,32,low
S012,BandwidthEquip,VoIP,2024-03,1.48,50.6,50.8,73.7,3,49,low
S012,BandwidthEquip,SD-WAN,2024-03,1.45,48.4,64.5,76.7,5,21,low
S012,BandwidthEquip,Dedicated Internet Access,2024-03,1.26,58.3,65.9,58.7,4,10,low
S012,BandwidthEquip,IoT Connectivity,2024-04,1.44,66.1,59.5,68.5,4,38,low
S012,BandwidthEquip,VoIP,2024-04,1.56,65.1,54.0,64.8,7,37,low
S012,BandwidthEquip,SD-WAN,2024-04,1.59,60.1,59.2,62.1,9,10,low
S012,BandwidthEquip,Dedicated Internet Access,2024-04,1.2,58.2,69.1,73.7,7,18,low
S012,BandwidthEquip,IoT Connectivity,2024-05,1.57,54.2,57.4,77.7,10,5,low
S012,BandwidthEquip,VoIP,2024-05,1.19,62.8,60.0,64.6,7,32,low
S012,BandwidthEquip,SD-WAN,2024-05,1.23,53.6,66.9,59.6,5,37,low
S012,BandwidthEquip,Dedicated Internet Access,2024-05,1.58,55.4,69.5,59.3,3,16,low
S012,BandwidthEquip,IoT Connectivity,2024-06,1.51,49.4,73.6,75.0,10,45,low
S012,BandwidthEquip,VoIP,2024-06,1.56,47.5,65.3,56.8,4,29,low
S012,BandwidthEquip,SD-WAN,2024-06,1.21,46.5,50.7,60.4,10,48,low
S012,BandwidthEquip,Dedicated Internet Access,2024-06,1.49,45.2,56.4,77.0,12,7,low
S012,BandwidthEquip,IoT Connectivity,2024-07,1.19,57.0,50.2,68.9,7,36,low
S012,BandwidthEquip,VoIP,2024-07,1.36,52.8,60.3,63.5,8,25,low
S012,BandwidthEquip,SD-WAN,2024-07,1.52,66.6,66.0,63.7,3,27,low
S012,BandwidthEquip,Dedicated Internet Access,2024-07,1.54,63.5,50.1,75.0,9,13,low
S012,BandwidthEquip,IoT Connectivity,2024-08,1.16,47.8,62.7,76.9,6,28,low
S012,BandwidthEquip,VoIP,2024-08,1.35,60.8,70.9,66.8,6,5,low
S012,BandwidthEquip,SD-WAN,2024-08,1.59,67.0,69.5,55.4,8,7,low
S012,BandwidthEquip,Dedicated Internet Access,2024-08,1.59,61.9,66.3,60.4,10,30,low
S012,BandwidthEquip,IoT Connectivity,2024-09,1.48,63.3,58.4,76.6,10,47,low
S012,BandwidthEquip,VoIP,2024-09,1.54,65.8,67.6,61.8,6,50,low
S012,BandwidthEquip,SD-WAN,2024-09,1.21,57.0,63.7,74.7,11,7,low
S012,BandwidthEquip,Dedicated Internet Access,2024-09,1.21,63.3,57.2,70.5,11,34,low
S012,BandwidthEquip,IoT Connectivity,2024-10,1.23,55.3,52.8,70.2,6,20,low
S012,BandwidthEquip,VoIP,2024-10,1.25,62.3,65.8,57.1,9,50,low
S012,BandwidthEquip,SD-WAN,2024-10,1.16,66.4,57.8,63.8,7,19,low
S012,BandwidthEquip,Dedicated Internet Access,2024-10,1.47,60.3,72.8,70.4,5,39,low
S012,BandwidthEquip,IoT Connectivity,2024-11,1.44,56.3,69.1,62.7,6,41,low
S012,BandwidthEquip,VoIP,2024-11,1.49,58.8,65.5,63.7,9,46,low
S012,BandwidthEquip,SD-WAN,2024-11,1.44,57.9,70.5,73.6,6,21,low
S012,BandwidthEquip,Dedicated Internet Access,2024-11,1.2,47.0,52.1,72.0,6,12,low
S012,BandwidthEquip,IoT Connectivity,2024-12,1.41,47.9,57.5,63.7,3,24,low
S012,BandwidthEquip,VoIP,2024-12,1.18,57.3,70.3,77.5,8,28,low
S012,BandwidthEquip,SD-WAN,2024-12,1.51,66.5,53.0,70.3,12,19,low
S012,BandwidthEquip,Dedicated Internet Access,2024-12,1.2,45.2,70.5,62.3,7,19,low
